sess0001, 000002, None, 87, GDX, 0, 20, 0.000000, SHVR, 0, 10, 0.000000, SNPR, 0, 10, 0.000000, ZIP, 26, 40, 0.650000, N, 87, 
sess0001, 000008, 49, 86, GDX, 17, 20, 0.850000, SHVR, 0, 10, 0.000000, SNPR, 0, 10, 0.000000, ZIP, 60, 40, 1.500000, 49, 86, 
sess0001, 000012, 64, 73, GDX, 55, 20, 2.750000, SHVR, 23, 10, 2.300000, SNPR, 0, 10, 0.000000, ZIP, 60, 40, 1.500000, 64, 73, 
sess0001, 000012, 64, 73, GDX, 120, 20, 6.000000, SHVR, 35, 10, 3.500000, SNPR, 0, 10, 0.000000, ZIP, 60, 40, 1.500000, 64, 73, 
sess0001, 000013, 64, 73, GDX, 123, 20, 6.150000, SHVR, 35, 10, 3.500000, SNPR, 0, 10, 0.000000, ZIP, 67, 40, 1.675000, 64, 73, 
sess0001, 000013, 64, 80, GDX, 141, 20, 7.050000, SHVR, 35, 10, 3.500000, SNPR, 0, 10, 0.000000, ZIP, 73, 40, 1.825000, 64, 80, 
sess0001, 000015, 69, 80, GDX, 141, 20, 7.050000, SHVR, 35, 10, 3.500000, SNPR, 0, 10, 0.000000, ZIP, 132, 40, 3.300000, 69, 80, 
sess0001, 000018, 75, 83, GDX, 141, 20, 7.050000, SHVR, 35, 10, 3.500000, SNPR, 0, 10, 0.000000, ZIP, 155, 40, 3.875000, 75, 83, 
sess0001, 000020, 80, 88, GDX, 141, 20, 7.050000, SHVR, 35, 10, 3.500000, SNPR, 0, 10, 0.000000, ZIP, 193, 40, 4.825000, 80, 88, 
sess0001, 000020, 81, 88, GDX, 141, 20, 7.050000, SHVR, 69, 10, 6.900000, SNPR, 0, 10, 0.000000, ZIP, 202, 40, 5.050000, 81, 88, 
sess0001, 000021, 78, 88, GDX, 163, 20, 8.150000, SHVR, 83, 10, 8.300000, SNPR, 0, 10, 0.000000, ZIP, 202, 40, 5.050000, 78, 88, 
sess0001, 000024, 86, 88, GDX, 163, 20, 8.150000, SHVR, 135, 10, 13.500000, SNPR, 0, 10, 0.000000, ZIP, 219, 40, 5.475000, 86, 88, 
sess0001, 000025, 86, 91, GDX, 194, 20, 9.700000, SHVR, 135, 10, 13.500000, SNPR, 0, 10, 0.000000, ZIP, 219, 40, 5.475000, 86, 91, 
sess0001, 000026, 86, 93, GDX, 194, 20, 9.700000, SHVR, 135, 10, 13.500000, SNPR, 0, 10, 0.000000, ZIP, 270, 40, 6.750000, 86, 93, 
sess0001, 000027, 86, 101, GDX, 194, 20, 9.700000, SHVR, 135, 10, 13.500000, SNPR, 0, 10, 0.000000, ZIP, 303, 40, 7.575000, 86, 101, 
sess0001, 000029, 96, 106, GDX, 194, 20, 9.700000, SHVR, 135, 10, 13.500000, SNPR, 0, 10, 0.000000, ZIP, 331, 40, 8.275000, 96, 106, 
sess0001, 000030, 92, 106, GDX, 227, 20, 11.365000, SHVR, 135, 10, 13.500000, SNPR, 0, 10, 0.000000, ZIP, 364, 40, 9.117500, 92, 106, 
sess0001, 000033, 98, 101, GDX, 227, 20, 11.365000, SHVR, 135, 10, 13.500000, SNPR, 0, 10, 0.000000, ZIP, 405, 40, 10.142500, 98, 101, 
sess0001, 000033, 100, 106, GDX, 227, 20, 11.365000, SHVR, 150, 10, 15.000000, SNPR, 0, 10, 0.000000, ZIP, 405, 40, 10.142500, 100, 106, 
sess0001, 000043, 100, 101, GDX, 227, 20, 11.365000, SHVR, 150, 10, 15.000000, SNPR, 0, 10, 0.000000, ZIP, 454, 40, 11.367500, 100, 101, 
sess0001, 000044, 99, 100, GDX, 233, 20, 11.665000, SHVR, 150, 10, 15.000000, SNPR, 0, 10, 0.000000, ZIP, 497, 40, 12.442500, 99, 100, 
sess0001, 000045, 99, 100, GDX, 233, 20, 11.665000, SHVR, 199, 10, 19.900000, SNPR, 0, 10, 0.000000, ZIP, 532, 40, 13.317500, 99, 100, 
sess0001, 000045, 99, 103, GDX, 244, 20, 12.215000, SHVR, 208, 10, 20.800000, SNPR, 0, 10, 0.000000, ZIP, 532, 40, 13.317500, 99, 103, 
sess0001, 000045, 99, 103, GDX, 314, 20, 15.715000, SHVR, 208, 10, 20.800000, SNPR, 0, 10, 0.000000, ZIP, 532, 40, 13.317500, 99, 103, 
sess0001, 000050, 98, 103, GDX, 314, 20, 15.715000, SHVR, 208, 10, 20.800000, SNPR, 0, 10, 0.000000, ZIP, 581, 40, 14.542500, 98, 103, 
sess0001, 000050, 98, 103, GDX, 314, 20, 15.715000, SHVR, 208, 10, 20.800000, SNPR, 0, 10, 0.000000, ZIP, 622, 40, 15.567500, 98, 103, 
sess0001, 000051, 100, 101, GDX, 314, 20, 15.715000, SHVR, 220, 10, 22.000000, SNPR, 0, 10, 0.000000, ZIP, 651, 40, 16.292500, 100, 101, 
sess0001, 000051, 99, 103, GDX, 314, 20, 15.715000, SHVR, 258, 10, 25.800000, SNPR, 0, 10, 0.000000, ZIP, 654, 40, 16.367500, 99, 103, 
sess0001, 000052, 100, 103, GDX, 358, 20, 17.915000, SHVR, 258, 10, 25.800000, SNPR, 0, 10, 0.000000, ZIP, 667, 40, 16.692500, 100, 103, 
sess0001, 000052, 100, 106, GDX, 358, 20, 17.915000, SHVR, 258, 10, 25.800000, SNPR, 0, 10, 0.000000, ZIP, 674, 40, 16.867500, 100, 106, 
sess0001, 000054, 100, 105, GDX, 391, 20, 19.565000, SHVR, 258, 10, 25.800000, SNPR, 0, 10, 0.000000, ZIP, 682, 40, 17.067500, 100, 105, 
sess0001, 000059, 100, 106, GDX, 391, 20, 19.565000, SHVR, 298, 10, 29.800000, SNPR, 0, 10, 0.000000, ZIP, 683, 40, 17.092500, 100, 106, 
sess0001, 000061, 100, 102, GDX, 453, 20, 22.665000, SHVR, 298, 10, 29.800000, SNPR, 0, 10, 0.000000, ZIP, 683, 40, 17.092500, 100, 102, 
sess0001, 000063, 99, 101, GDX, 464, 20, 23.215000, SHVR, 298, 10, 29.800000, SNPR, 0, 10, 0.000000, ZIP, 710, 40, 17.767500, 99, 101, 
sess0001, 000065, 99, 100, GDX, 464, 20, 23.215000, SHVR, 347, 10, 34.700000, SNPR, 0, 10, 0.000000, ZIP, 719, 40, 17.992500, 99, 100, 
sess0001, 000069, 98, 99, GDX, 464, 20, 23.215000, SHVR, 385, 10, 38.500000, SNPR, 0, 10, 0.000000, ZIP, 719, 40, 17.992500, 98, 99, 
sess0001, 000069, 98, 99, GDX, 502, 20, 25.115000, SHVR, 385, 10, 38.500000, SNPR, 0, 10, 0.000000, ZIP, 751, 40, 18.792500, 98, 99, 
sess0001, 000070, 98, 106, GDX, 535, 20, 26.765000, SHVR, 385, 10, 38.500000, SNPR, 0, 10, 0.000000, ZIP, 775, 40, 19.392500, 98, 106, 
sess0001, 000074, 97, 99, GDX, 571, 20, 28.565000, SHVR, 385, 10, 38.500000, SNPR, 0, 10, 0.000000, ZIP, 780, 40, 19.517500, 97, 99, 
sess0001, 000075, 97, 101, GDX, 571, 20, 28.565000, SHVR, 385, 10, 38.500000, SNPR, 0, 10, 0.000000, ZIP, 852, 40, 21.317500, 97, 101, 
sess0001, 000081, 98, 101, GDX, 571, 20, 28.565000, SHVR, 392, 10, 39.200000, SNPR, 0, 10, 0.000000, ZIP, 855, 40, 21.392500, 98, 101, 
sess0001, 000086, 97, 99, GDX, 571, 20, 28.565000, SHVR, 402, 10, 40.200000, SNPR, 0, 10, 0.000000, ZIP, 855, 40, 21.392500, 97, 99, 
sess0001, 000086, 97, 100, GDX, 592, 20, 29.615000, SHVR, 402, 10, 40.200000, SNPR, 0, 10, 0.000000, ZIP, 873, 40, 21.842500, 97, 100, 
sess0001, 000087, 97, 99, GDX, 592, 20, 29.615000, SHVR, 402, 10, 40.200000, SNPR, 0, 10, 0.000000, ZIP, 904, 40, 22.617500, 97, 99, 
sess0001, 000088, 98, 99, GDX, 598, 20, 29.915000, SHVR, 442, 10, 44.200000, SNPR, 0, 10, 0.000000, ZIP, 904, 40, 22.617500, 98, 99, 
sess0001, 000090, 98, 99, GDX, 598, 20, 29.915000, SHVR, 459, 10, 45.900000, SNPR, 0, 10, 0.000000, ZIP, 938, 40, 23.467500, 98, 99, 
sess0001, 000092, 98, 99, GDX, 636, 20, 31.815000, SHVR, 459, 10, 45.900000, SNPR, 0, 10, 0.000000, ZIP, 941, 40, 23.542500, 98, 99, 
sess0001, 000092, 98, 99, GDX, 636, 20, 31.815000, SHVR, 459, 10, 45.900000, SNPR, 0, 10, 0.000000, ZIP, 1015, 40, 25.392500, 98, 99, 
sess0001, 000096, 98, 99, GDX, 636, 20, 31.815000, SHVR, 466, 10, 46.600000, SNPR, 0, 10, 0.000000, ZIP, 1038, 40, 25.967500, 98, 99, 
sess0001, 000096, 97, 99, GDX, 636, 20, 31.815000, SHVR, 504, 10, 50.400000, SNPR, 0, 10, 0.000000, ZIP, 1038, 40, 25.967500, 97, 99, 
sess0001, 000097, 97, 99, GDX, 636, 20, 31.815000, SHVR, 504, 10, 50.400000, SNPR, 0, 10, 0.000000, ZIP, 1069, 40, 26.742500, 97, 99, 
sess0001, 000107, 98, 99, GDX, 677, 20, 33.865000, SHVR, 504, 10, 50.400000, SNPR, 0, 10, 0.000000, ZIP, 1105, 40, 27.642500, 98, 99, 
sess0001, 000112, 98, 99, GDX, 683, 20, 34.165000, SHVR, 521, 10, 52.100000, SNPR, 0, 10, 0.000000, ZIP, 1105, 40, 27.642500, 98, 99, 
sess0001, 000113, 98, 99, GDX, 704, 20, 35.215000, SHVR, 531, 10, 53.100000, SNPR, 0, 10, 0.000000, ZIP, 1105, 40, 27.642500, 98, 99, 
sess0001, 000117, 98, 99, GDX, 740, 20, 37.015000, SHVR, 531, 10, 53.100000, SNPR, 0, 10, 0.000000, ZIP, 1133, 40, 28.342500, 98, 99, 
sess0001, 000117, 98, 99, GDX, 740, 20, 37.015000, SHVR, 531, 10, 53.100000, SNPR, 0, 10, 0.000000, ZIP, 1179, 40, 29.492500, 98, 99, 
sess0001, 000117, 98, 99, GDX, 740, 20, 37.015000, SHVR, 571, 10, 57.100000, SNPR, 0, 10, 0.000000, ZIP, 1213, 40, 30.342500, 98, 99, 
sess0001, 000118, 98, 99, GDX, 773, 20, 38.680000, SHVR, 619, 10, 61.970000, SNPR, 0, 10, 0.000000, ZIP, 1213, 40, 30.342500, 98, 99, 
sess0001, 000123, 98, 99, GDX, 773, 20, 38.680000, SHVR, 636, 10, 63.670000, SNPR, 0, 10, 0.000000, ZIP, 1245, 40, 31.142500, 98, 99, 
sess0001, 000123, 98, 99, GDX, 809, 20, 40.480000, SHVR, 636, 10, 63.670000, SNPR, 0, 10, 0.000000, ZIP, 1261, 40, 31.542500, 98, 99, 
sess0001, 000128, 98, 99, GDX, 822, 20, 41.130000, SHVR, 643, 10, 64.370000, SNPR, 0, 10, 0.000000, ZIP, 1261, 40, 31.542500, 98, 99, 
sess0001, 000141, 98, 99, GDX, 855, 20, 42.780000, SHVR, 643, 10, 64.370000, SNPR, 0, 10, 0.000000, ZIP, 1264, 40, 31.617500, 98, 99, 
sess0001, 000141, 98, 99, GDX, 935, 20, 46.780000, SHVR, 643, 10, 64.370000, SNPR, 0, 10, 0.000000, ZIP, 1264, 40, 31.617500, 98, 99, 
sess0001, 000141, 98, 99, GDX, 956, 20, 47.830000, SHVR, 681, 10, 68.170000, SNPR, 0, 10, 0.000000, ZIP, 1264, 40, 31.617500, 98, 99, 
sess0001, 000142, 98, 99, GDX, 956, 20, 47.830000, SHVR, 681, 10, 68.170000, SNPR, 0, 10, 0.000000, ZIP, 1307, 40, 32.692500, 98, 99, 
sess0001, 000142, 98, 99, GDX, 964, 20, 48.230000, SHVR, 681, 10, 68.170000, SNPR, 0, 10, 0.000000, ZIP, 1325, 40, 33.142500, 98, 99, 
sess0001, 000142, 98, 99, GDX, 964, 20, 48.230000, SHVR, 681, 10, 68.170000, SNPR, 0, 10, 0.000000, ZIP, 1361, 40, 34.042500, 98, 99, 
sess0001, 000143, 98, 99, GDX, 964, 20, 48.230000, SHVR, 681, 10, 68.170000, SNPR, 0, 10, 0.000000, ZIP, 1384, 40, 34.617500, 98, 99, 
sess0001, 000143, 98, 99, GDX, 977, 20, 48.880000, SHVR, 681, 10, 68.170000, SNPR, 0, 10, 0.000000, ZIP, 1415, 40, 35.392500, 98, 99, 
sess0001, 000143, 97, 99, GDX, 977, 20, 48.880000, SHVR, 681, 10, 68.170000, SNPR, 0, 10, 0.000000, ZIP, 1459, 40, 36.492500, 97, 99, 
sess0001, 000146, 97, 98, GDX, 977, 20, 48.880000, SHVR, 728, 10, 72.870000, SNPR, 0, 10, 0.000000, ZIP, 1470, 40, 36.767500, 97, 98, 
sess0001, 000147, 96, 98, GDX, 977, 20, 48.880000, SHVR, 728, 10, 72.870000, SNPR, 0, 10, 0.000000, ZIP, 1529, 40, 38.242500, 96, 98, 
sess0001, 000147, 97, 98, GDX, 977, 20, 48.880000, SHVR, 728, 10, 72.870000, SNPR, 0, 10, 0.000000, ZIP, 1598, 40, 39.967500, 97, 98, 
sess0001, 000148, 96, 99, GDX, 977, 20, 48.880000, SHVR, 769, 10, 76.970000, SNPR, 0, 10, 0.000000, ZIP, 1623, 40, 40.592500, 96, 99, 
sess0001, 000152, 96, 99, GDX, 977, 20, 48.880000, SHVR, 779, 10, 77.970000, SNPR, 0, 10, 0.000000, ZIP, 1623, 40, 40.592500, 96, 99, 
sess0001, 000153, 97, 99, GDX, 1016, 20, 50.830000, SHVR, 779, 10, 77.970000, SNPR, 0, 10, 0.000000, ZIP, 1654, 40, 41.367500, 97, 99, 
sess0001, 000154, 97, 98, GDX, 1016, 20, 50.830000, SHVR, 826, 10, 82.670000, SNPR, 0, 10, 0.000000, ZIP, 1681, 40, 42.042500, 97, 98, 
sess0001, 000156, 97, 101, GDX, 1037, 20, 51.880000, SHVR, 826, 10, 82.670000, SNPR, 0, 10, 0.000000, ZIP, 1683, 40, 42.092500, 97, 101, 
sess0001, 000159, 98, 101, GDX, 1045, 20, 52.280000, SHVR, 864, 10, 86.470000, SNPR, 0, 10, 0.000000, ZIP, 1683, 40, 42.092500, 98, 101, 
sess0001, 000161, 98, 100, GDX, 1045, 20, 52.280000, SHVR, 864, 10, 86.470000, SNPR, 0, 10, 0.000000, ZIP, 1752, 40, 43.817500, 98, 100, 
sess0001, 000161, 98, 101, GDX, 1045, 20, 52.280000, SHVR, 874, 10, 87.470000, SNPR, 0, 10, 0.000000, ZIP, 1768, 40, 44.217500, 98, 101, 
sess0001, 000166, 97, 99, GDX, 1058, 20, 52.930000, SHVR, 874, 10, 87.470000, SNPR, 0, 10, 0.000000, ZIP, 1814, 40, 45.367500, 97, 99, 
sess0001, 000167, 97, 98, GDX, 1098, 20, 54.930000, SHVR, 874, 10, 87.470000, SNPR, 0, 10, 0.000000, ZIP, 1820, 40, 45.517500, 97, 98, 
sess0001, 000167, 97, 98, GDX, 1098, 20, 54.930000, SHVR, 880, 10, 88.070000, SNPR, 0, 10, 0.000000, ZIP, 1831, 40, 45.792500, 97, 98, 
sess0001, 000178, 96, 98, GDX, 1098, 20, 54.930000, SHVR, 916, 10, 91.670000, SNPR, 0, 10, 0.000000, ZIP, 1836, 40, 45.917500, 96, 98, 
sess0001, 000178, 96, 98, GDX, 1098, 20, 54.930000, SHVR, 935, 10, 93.570000, SNPR, 0, 10, 0.000000, ZIP, 1860, 40, 46.517500, 96, 98, 
sess0001, 000182, 96, 97, GDX, 1098, 20, 54.930000, SHVR, 981, 10, 98.170000, SNPR, 0, 10, 0.000000, ZIP, 1867, 40, 46.692500, 96, 97, 
sess0001, 000183, 95, 97, GDX, 1108, 20, 55.430000, SHVR, 989, 10, 98.970000, SNPR, 0, 10, 0.000000, ZIP, 1867, 40, 46.692500, 95, 97, 
sess0001, 000185, 95, 97, GDX, 1143, 20, 57.180000, SHVR, 989, 10, 98.970000, SNPR, 0, 10, 0.000000, ZIP, 1868, 40, 46.717500, 95, 97, 
sess0001, 000189, 96, 97, GDX, 1143, 20, 57.180000, SHVR, 1031, 10, 103.170000, SNPR, 0, 10, 0.000000, ZIP, 1895, 40, 47.392500, 96, 97, 
sess0001, 000190, 95, 97, GDX, 1165, 20, 58.280000, SHVR, 1031, 10, 103.170000, SNPR, 0, 10, 0.000000, ZIP, 1912, 40, 47.817500, 95, 97, 
sess0001, 000190, 96, 97, GDX, 1165, 20, 58.280000, SHVR, 1031, 10, 103.170000, SNPR, 0, 10, 0.000000, ZIP, 1966, 40, 49.167500, 96, 97, 
sess0001, 000192, 96, 97, GDX, 1165, 20, 58.280000, SHVR, 1050, 10, 105.070000, SNPR, 0, 10, 0.000000, ZIP, 1980, 40, 49.517500, 96, 97, 
sess0001, 000193, 96, 97, GDX, 1205, 20, 60.280000, SHVR, 1051, 10, 105.170000, SNPR, 0, 10, 0.000000, ZIP, 1980, 40, 49.517500, 96, 97, 
sess0001, 000199, 96, 97, GDX, 1240, 20, 62.030000, SHVR, 1051, 10, 105.170000, SNPR, 0, 10, 0.000000, ZIP, 1981, 40, 49.542500, 96, 97, 
sess0001, 000202, 96, 97, GDX, 1255, 20, 62.780000, SHVR, 1056, 10, 105.670000, SNPR, 0, 10, 0.000000, ZIP, 1981, 40, 49.542500, 96, 97, 
sess0001, 000203, 96, 97, GDX, 1255, 20, 62.780000, SHVR, 1092, 10, 109.270000, SNPR, 0, 10, 0.000000, ZIP, 2011, 40, 50.292500, 96, 97, 
sess0001, 000204, 96, 97, GDX, 1295, 20, 64.780000, SHVR, 1092, 10, 109.270000, SNPR, 0, 10, 0.000000, ZIP, 2033, 40, 50.842500, 96, 97, 
sess0001, 000211, 96, 97, GDX, 1295, 20, 64.780000, SHVR, 1100, 10, 110.070000, SNPR, 0, 10, 0.000000, ZIP, 2066, 40, 51.667500, 96, 97, 
sess0001, 000212, 96, 97, GDX, 1295, 20, 64.780000, SHVR, 1146, 10, 114.670000, SNPR, 0, 10, 0.000000, ZIP, 2112, 40, 52.817500, 96, 97, 
sess0001, 000218, 95, 97, GDX, 1295, 20, 64.780000, SHVR, 1147, 10, 114.770000, SNPR, 0, 10, 0.000000, ZIP, 2144, 40, 53.617500, 95, 97, 
sess0001, 000218, 95, 97, GDX, 1318, 20, 65.930000, SHVR, 1147, 10, 114.770000, SNPR, 0, 10, 0.000000, ZIP, 2173, 40, 54.342500, 95, 97, 
sess0001, 000218, 95, 97, GDX, 1328, 20, 66.430000, SHVR, 1183, 10, 118.370000, SNPR, 0, 10, 0.000000, ZIP, 2173, 40, 54.342500, 95, 97, 
sess0001, 000219, 95, 97, GDX, 1328, 20, 66.430000, SHVR, 1183, 10, 118.370000, SNPR, 0, 10, 0.000000, ZIP, 2201, 40, 55.042500, 95, 97, 
sess0001, 000219, 95, 97, GDX, 1368, 20, 68.430000, SHVR, 1183, 10, 118.370000, SNPR, 0, 10, 0.000000, ZIP, 2218, 40, 55.467500, 95, 97, 
sess0001, 000220, 96, 97, GDX, 1368, 20, 68.430000, SHVR, 1183, 10, 118.370000, SNPR, 0, 10, 0.000000, ZIP, 2264, 40, 56.617500, 96, 97, 
sess0001, 000220, 96, 97, GDX, 1368, 20, 68.430000, SHVR, 1225, 10, 122.570000, SNPR, 0, 10, 0.000000, ZIP, 2291, 40, 57.292500, 96, 97, 
sess0001, 000229, 96, 97, GDX, 1368, 20, 68.430000, SHVR, 1230, 10, 123.070000, SNPR, 0, 10, 0.000000, ZIP, 2319, 40, 57.992500, 96, 97, 
sess0001, 000234, 96, 97, GDX, 1404, 20, 70.230000, SHVR, 1230, 10, 123.070000, SNPR, 0, 10, 0.000000, ZIP, 2332, 40, 58.317500, 96, 97, 
sess0001, 000236, 96, 97, GDX, 1404, 20, 70.230000, SHVR, 1249, 10, 124.970000, SNPR, 0, 10, 0.000000, ZIP, 2377, 40, 59.442500, 96, 97, 
sess0001, 000242, 96, 97, GDX, 1404, 20, 70.230000, SHVR, 1291, 10, 129.170000, SNPR, 0, 10, 0.000000, ZIP, 2399, 40, 59.992500, 96, 97, 
sess0001, 000243, 96, 97, GDX, 1404, 20, 70.230000, SHVR, 1291, 10, 129.170000, SNPR, 0, 10, 0.000000, ZIP, 2460, 40, 61.517500, 96, 97, 
sess0001, 000243, 96, 97, GDX, 1414, 20, 70.730000, SHVR, 1291, 10, 129.170000, SNPR, 0, 10, 0.000000, ZIP, 2491, 40, 62.292500, 96, 97, 
sess0001, 000244, 96, 97, GDX, 1414, 20, 70.730000, SHVR, 1291, 10, 129.170000, SNPR, 0, 10, 0.000000, ZIP, 2521, 40, 63.042500, 96, 97, 
sess0001, 000244, 95, 97, GDX, 1429, 20, 71.480000, SHVR, 1291, 10, 129.170000, SNPR, 0, 10, 0.000000, ZIP, 2565, 40, 64.142500, 95, 97, 
sess0001, 000245, 95, 96, GDX, 1429, 20, 71.480000, SHVR, 1291, 10, 129.170000, SNPR, 0, 10, 0.000000, ZIP, 2609, 40, 65.242500, 95, 96, 
sess0001, 000253, 95, 96, GDX, 1429, 20, 71.480000, SHVR, 1291, 10, 129.170000, SNPR, 0, 10, 0.000000, ZIP, 2642, 40, 66.067500, 95, 96, 
sess0001, 000254, 95, 96, GDX, 1439, 20, 71.980000, SHVR, 1291, 10, 129.170000, SNPR, 0, 10, 0.000000, ZIP, 2658, 40, 66.467500, 95, 96, 
sess0001, 000254, 95, 96, GDX, 1439, 20, 71.980000, SHVR, 1293, 10, 129.370000, SNPR, 0, 10, 0.000000, ZIP, 2687, 40, 67.192500, 95, 96, 
sess0001, 000255, 94, 96, GDX, 1439, 20, 71.980000, SHVR, 1299, 10, 129.970000, SNPR, 0, 10, 0.000000, ZIP, 2701, 40, 67.542500, 94, 96, 
sess0001, 000260, 93, 95, GDX, 1439, 20, 71.980000, SHVR, 1343, 10, 134.370000, SNPR, 0, 10, 0.000000, ZIP, 2703, 40, 67.592500, 93, 95, 
sess0001, 000261, 93, 95, GDX, 1439, 20, 71.980000, SHVR, 1377, 10, 137.770000, SNPR, 0, 10, 0.000000, ZIP, 2738, 40, 68.467500, 93, 95, 
sess0001, 000263, 93, 94, GDX, 1439, 20, 71.980000, SHVR, 1379, 10, 137.970000, SNPR, 0, 10, 0.000000, ZIP, 2769, 40, 69.242500, 93, 94, 
sess0001, 000266, 93, 94, GDX, 1439, 20, 71.980000, SHVR, 1401, 10, 140.170000, SNPR, 0, 10, 0.000000, ZIP, 2780, 40, 69.517500, 93, 94, 
sess0001, 000267, 93, 96, GDX, 1456, 20, 72.830000, SHVR, 1401, 10, 140.170000, SNPR, 0, 10, 0.000000, ZIP, 2799, 40, 69.992500, 93, 96, 
sess0001, 000270, 94, 96, GDX, 1493, 20, 74.680000, SHVR, 1401, 10, 140.170000, SNPR, 0, 10, 0.000000, ZIP, 2821, 40, 70.542500, 94, 96, 
sess0001, 000270, 94, 96, GDX, 1534, 20, 76.730000, SHVR, 1401, 10, 140.170000, SNPR, 0, 10, 0.000000, ZIP, 2821, 40, 70.542500, 94, 96, 
sess0001, 000271, 93, 95, GDX, 1558, 20, 77.930000, SHVR, 1401, 10, 140.170000, SNPR, 0, 10, 0.000000, ZIP, 2864, 40, 71.617500, 93, 95, 
sess0001, 000273, 94, 96, GDX, 1558, 20, 77.930000, SHVR, 1422, 10, 142.270000, SNPR, 0, 10, 0.000000, ZIP, 2879, 40, 71.992500, 94, 96, 
sess0001, 000281, 94, 95, GDX, 1558, 20, 77.930000, SHVR, 1422, 10, 142.270000, SNPR, 0, 10, 0.000000, ZIP, 2923, 40, 73.092500, 94, 95, 
sess0001, 000281, 94, 95, GDX, 1558, 20, 77.930000, SHVR, 1466, 10, 146.670000, SNPR, 0, 10, 0.000000, ZIP, 2951, 40, 73.792500, 94, 95, 
sess0001, 000283, 94, 96, GDX, 1582, 20, 79.130000, SHVR, 1466, 10, 146.670000, SNPR, 0, 10, 0.000000, ZIP, 2971, 40, 74.292500, 94, 96, 
sess0001, 000285, 95, 97, GDX, 1618, 20, 80.930000, SHVR, 1466, 10, 146.670000, SNPR, 0, 10, 0.000000, ZIP, 2971, 40, 74.292500, 95, 97, 
sess0001, 000285, 95, 97, GDX, 1633, 20, 81.680000, SHVR, 1471, 10, 147.170000, SNPR, 0, 10, 0.000000, ZIP, 2971, 40, 74.292500, 95, 97, 
sess0001, 000286, 96, 98, GDX, 1673, 20, 83.680000, SHVR, 1472, 10, 147.270000, SNPR, 0, 10, 0.000000, ZIP, 2971, 40, 74.292500, 96, 98, 
sess0001, 000287, 96, 98, GDX, 1673, 20, 83.680000, SHVR, 1509, 10, 150.970000, SNPR, 0, 10, 0.000000, ZIP, 3008, 40, 75.217500, 96, 98, 
sess0001, 000287, 96, 98, GDX, 1673, 20, 83.680000, SHVR, 1509, 10, 150.970000, SNPR, 0, 10, 0.000000, ZIP, 3059, 40, 76.492500, 96, 98, 
sess0001, 000289, 97, 98, GDX, 1673, 20, 83.680000, SHVR, 1509, 10, 150.970000, SNPR, 0, 10, 0.000000, ZIP, 3120, 40, 78.017500, 97, 98, 
sess0001, 000291, 97, 101, GDX, 1712, 20, 85.630000, SHVR, 1509, 10, 150.970000, SNPR, 0, 10, 0.000000, ZIP, 3120, 40, 78.017500, 97, 101, 
sess0001, 000292, 97, 98, GDX, 1712, 20, 85.630000, SHVR, 1518, 10, 151.870000, SNPR, 0, 10, 0.000000, ZIP, 3137, 40, 78.442500, 97, 98, 
sess0001, 000294, 96, 98, GDX, 1712, 20, 85.630000, SHVR, 1565, 10, 156.570000, SNPR, 0, 10, 0.000000, ZIP, 3169, 40, 79.242500, 96, 98, 
sess0001, 000300, 96, 98, GDX, 1712, 20, 85.630000, SHVR, 1565, 10, 156.570000, SNPR, 0, 10, 0.000000, ZIP, 3231, 40, 80.792500, 96, 98, 
sess0001, 000304, 97, 98, GDX, 1787, 20, 89.380000, SHVR, 1565, 10, 156.570000, SNPR, 0, 10, 0.000000, ZIP, 3231, 40, 80.792500, 97, 98, 
sess0001, 000305, 97, 98, GDX, 1787, 20, 89.380000, SHVR, 1583, 10, 158.370000, SNPR, 0, 10, 0.000000, ZIP, 3256, 40, 81.417500, 97, 98, 
sess0001, 000307, 96, 98, GDX, 1787, 20, 89.380000, SHVR, 1589, 10, 158.970000, SNPR, 0, 10, 0.000000, ZIP, 3260, 40, 81.517500, 96, 98, 
sess0001, 000309, 97, 99, GDX, 1787, 20, 89.380000, SHVR, 1589, 10, 158.970000, SNPR, 0, 10, 0.000000, ZIP, 3283, 40, 82.092500, 97, 99, 
sess0001, 000314, 96, 98, GDX, 1827, 20, 91.380000, SHVR, 1589, 10, 158.970000, SNPR, 0, 10, 0.000000, ZIP, 3310, 40, 82.767500, 96, 98, 
sess0001, 000315, 96, 98, GDX, 1827, 20, 91.380000, SHVR, 1598, 10, 159.870000, SNPR, 0, 10, 0.000000, ZIP, 3327, 40, 83.192500, 96, 98, 
sess0001, 000315, 96, 98, GDX, 1837, 20, 91.880000, SHVR, 1598, 10, 159.870000, SNPR, 0, 10, 0.000000, ZIP, 3340, 40, 83.517500, 96, 98, 
sess0001, 000316, 96, 99, GDX, 1837, 20, 91.880000, SHVR, 1598, 10, 159.870000, SNPR, 0, 10, 0.000000, ZIP, 3430, 40, 85.767500, 96, 99, 
sess0001, 000320, 96, 97, GDX, 1837, 20, 91.880000, SHVR, 1634, 10, 163.470000, SNPR, 0, 10, 0.000000, ZIP, 3468, 40, 86.717500, 96, 97, 
sess0001, 000322, 96, 98, GDX, 1837, 20, 91.880000, SHVR, 1676, 10, 167.670000, SNPR, 0, 10, 0.000000, ZIP, 3469, 40, 86.742500, 96, 98, 
sess0001, 000322, 96, 98, GDX, 1852, 20, 92.630000, SHVR, 1722, 10, 172.270000, SNPR, 0, 10, 0.000000, ZIP, 3469, 40, 86.742500, 96, 98, 
sess0001, 000323, 96, 97, GDX, 1852, 20, 92.630000, SHVR, 1722, 10, 172.270000, SNPR, 0, 10, 0.000000, ZIP, 3500, 40, 87.517500, 96, 97, 
sess0001, 000328, 96, 97, GDX, 1852, 20, 92.630000, SHVR, 1723, 10, 172.370000, SNPR, 0, 10, 0.000000, ZIP, 3524, 40, 88.117500, 96, 97, 
sess0001, 000328, 96, 97, GDX, 1875, 20, 93.780000, SHVR, 1723, 10, 172.370000, SNPR, 0, 10, 0.000000, ZIP, 3545, 40, 88.642500, 96, 97, 
sess0001, 000332, 96, 97, GDX, 1875, 20, 93.780000, SHVR, 1723, 10, 172.370000, SNPR, 0, 10, 0.000000, ZIP, 3591, 40, 89.792500, 96, 97, 
sess0001, 000334, 96, 97, GDX, 1911, 20, 95.580000, SHVR, 1769, 10, 176.970000, SNPR, 0, 10, 0.000000, ZIP, 3591, 40, 89.792500, 96, 97, 
sess0001, 000334, 96, 97, GDX, 1911, 20, 95.580000, SHVR, 1777, 10, 177.770000, SNPR, 0, 10, 0.000000, ZIP, 3629, 40, 90.742500, 96, 97, 
sess0001, 000340, 95, 97, GDX, 1921, 20, 96.080000, SHVR, 1813, 10, 181.370000, SNPR, 0, 10, 0.000000, ZIP, 3629, 40, 90.742500, 95, 97, 
sess0001, 000353, 96, 97, GDX, 1921, 20, 96.080000, SHVR, 1814, 10, 181.470000, SNPR, 0, 10, 0.000000, ZIP, 3656, 40, 91.417500, 96, 97, 
sess0001, 000354, 96, 97, GDX, 1921, 20, 96.080000, SHVR, 1856, 10, 185.670000, SNPR, 0, 10, 0.000000, ZIP, 3670, 40, 91.767500, 96, 97, 
sess0001, 000356, 96, 97, GDX, 1921, 20, 96.080000, SHVR, 1875, 10, 187.570000, SNPR, 0, 10, 0.000000, ZIP, 3700, 40, 92.517500, 96, 97, 
sess0001, 000357, 96, 97, GDX, 1921, 20, 96.080000, SHVR, 1875, 10, 187.570000, SNPR, 0, 10, 0.000000, ZIP, 3777, 40, 94.442500, 96, 97, 
sess0001, 000359, 96, 97, GDX, 1921, 20, 96.080000, SHVR, 1880, 10, 188.070000, SNPR, 0, 10, 0.000000, ZIP, 3807, 40, 95.192500, 96, 97, 
sess0001, 000366, 96, 97, GDX, 1936, 20, 96.830000, SHVR, 1880, 10, 188.070000, SNPR, 0, 10, 0.000000, ZIP, 3851, 40, 96.292500, 96, 97, 
sess0001, 000367, 96, 97, GDX, 1936, 20, 96.830000, SHVR, 1880, 10, 188.070000, SNPR, 0, 10, 0.000000, ZIP, 3892, 40, 97.317500, 96, 97, 
sess0001, 000369, 96, 97, GDX, 1936, 20, 96.830000, SHVR, 1916, 10, 191.670000, SNPR, 0, 10, 0.000000, ZIP, 3897, 40, 97.442500, 96, 97, 
sess0001, 000369, 96, 97, GDX, 1936, 20, 96.830000, SHVR, 1916, 10, 191.670000, SNPR, 0, 10, 0.000000, ZIP, 3966, 40, 99.167500, 96, 97, 
sess0001, 000370, 96, 97, GDX, 1936, 20, 96.830000, SHVR, 1921, 10, 192.170000, SNPR, 0, 10, 0.000000, ZIP, 3984, 40, 99.617500, 96, 97, 
sess0001, 000376, 96, 97, GDX, 1936, 20, 96.830000, SHVR, 1929, 10, 192.970000, SNPR, 0, 10, 0.000000, ZIP, 4030, 40, 100.767500, 96, 97, 
sess0001, 000379, 96, 97, GDX, 1959, 20, 97.980000, SHVR, 1975, 10, 197.570000, SNPR, 0, 10, 0.000000, ZIP, 4030, 40, 100.767500, 96, 97, 
sess0001, 000386, 96, 97, GDX, 1959, 20, 97.980000, SHVR, 1994, 10, 199.470000, SNPR, 0, 10, 0.000000, ZIP, 4060, 40, 101.517500, 96, 97, 
sess0001, 000386, 96, 97, GDX, 1959, 20, 97.980000, SHVR, 1995, 10, 199.570000, SNPR, 0, 10, 0.000000, ZIP, 4082, 40, 102.067500, 96, 97, 
sess0001, 000388, 96, 97, GDX, 1959, 20, 97.980000, SHVR, 2037, 10, 203.770000, SNPR, 0, 10, 0.000000, ZIP, 4083, 40, 102.092500, 96, 97, 
sess0001, 000396, 96, 97, GDX, 1959, 20, 97.980000, SHVR, 2042, 10, 204.270000, SNPR, 0, 10, 0.000000, ZIP, 4116, 40, 102.917500, 96, 97, 
sess0001, 000398, 96, 97, GDX, 1959, 20, 97.980000, SHVR, 2042, 10, 204.270000, SNPR, 0, 10, 0.000000, ZIP, 4170, 40, 104.267500, 96, 97, 
sess0001, 000402, 96, 97, GDX, 2000, 20, 100.030000, SHVR, 2050, 10, 205.070000, SNPR, 0, 10, 0.000000, ZIP, 4170, 40, 104.267500, 96, 97, 
sess0001, 000404, 96, 97, GDX, 2015, 20, 100.780000, SHVR, 2096, 10, 209.670000, SNPR, 0, 10, 0.000000, ZIP, 4170, 40, 104.267500, 96, 97, 
sess0001, 000404, 96, 97, GDX, 2015, 20, 100.780000, SHVR, 2138, 10, 213.870000, SNPR, 0, 10, 0.000000, ZIP, 4197, 40, 104.942500, 96, 97, 
sess0001, 000406, 96, 97, GDX, 2015, 20, 100.780000, SHVR, 2157, 10, 215.770000, SNPR, 0, 10, 0.000000, ZIP, 4221, 40, 105.542500, 96, 97, 
sess0001, 000406, 96, 97, GDX, 2015, 20, 100.780000, SHVR, 2157, 10, 215.770000, SNPR, 0, 10, 0.000000, ZIP, 4270, 40, 106.767500, 96, 97, 
sess0001, 000406, 96, 97, GDX, 2015, 20, 100.780000, SHVR, 2157, 10, 215.770000, SNPR, 0, 10, 0.000000, ZIP, 4316, 40, 107.917500, 96, 97, 
sess0001, 000417, 96, 97, GDX, 2015, 20, 100.780000, SHVR, 2193, 10, 219.370000, SNPR, 0, 10, 0.000000, ZIP, 4341, 40, 108.542500, 96, 97, 
sess0001, 000418, 96, 97, GDX, 2015, 20, 100.780000, SHVR, 2194, 10, 219.470000, SNPR, 0, 10, 0.000000, ZIP, 4373, 40, 109.342500, 96, 97, 
sess0001, 000420, 96, 97, GDX, 2051, 20, 102.580000, SHVR, 2230, 10, 223.070000, SNPR, 0, 10, 0.000000, ZIP, 4373, 40, 109.342500, 96, 97, 
sess0001, 000428, 96, 97, GDX, 2051, 20, 102.580000, SHVR, 2272, 10, 227.270000, SNPR, 0, 10, 0.000000, ZIP, 4403, 40, 110.092500, 96, 97, 
sess0001, 000429, 96, 97, GDX, 2051, 20, 102.580000, SHVR, 2272, 10, 227.270000, SNPR, 0, 10, 0.000000, ZIP, 4456, 40, 111.417500, 96, 97, 
sess0001, 000433, 96, 97, GDX, 2092, 20, 104.630000, SHVR, 2277, 10, 227.770000, SNPR, 0, 10, 0.000000, ZIP, 4456, 40, 111.417500, 96, 97, 
sess0001, 000433, 96, 97, GDX, 2092, 20, 104.630000, SHVR, 2278, 10, 227.870000, SNPR, 0, 10, 0.000000, ZIP, 4457, 40, 111.442500, 96, 97, 
sess0001, 000434, 96, 97, GDX, 2092, 20, 104.630000, SHVR, 2278, 10, 227.870000, SNPR, 0, 10, 0.000000, ZIP, 4519, 40, 112.992500, 96, 97, 
sess0001, 000445, 96, 97, GDX, 2092, 20, 104.630000, SHVR, 2297, 10, 229.770000, SNPR, 0, 10, 0.000000, ZIP, 4546, 40, 113.667500, 96, 97, 
sess0001, 000449, 96, 97, GDX, 2115, 20, 105.780000, SHVR, 2343, 10, 234.370000, SNPR, 0, 10, 0.000000, ZIP, 4546, 40, 113.667500, 96, 97, 
sess0001, 000449, 96, 97, GDX, 2125, 20, 106.280000, SHVR, 2351, 10, 235.170000, SNPR, 0, 10, 0.000000, ZIP, 4546, 40, 113.667500, 96, 97, 
sess0001, 000449, 96, 97, GDX, 2125, 20, 106.280000, SHVR, 2351, 10, 235.170000, SNPR, 0, 10, 0.000000, ZIP, 4595, 40, 114.892500, 96, 97, 
sess0001, 000451, 96, 97, GDX, 2125, 20, 106.280000, SHVR, 2352, 10, 235.270000, SNPR, 0, 10, 0.000000, ZIP, 4617, 40, 115.442500, 96, 97, 
sess0001, 000453, 96, 97, GDX, 2140, 20, 107.030000, SHVR, 2398, 10, 239.870000, SNPR, 0, 10, 0.000000, ZIP, 4617, 40, 115.442500, 96, 97, 
sess0001, 000457, 96, 97, GDX, 2140, 20, 107.030000, SHVR, 2434, 10, 243.470000, SNPR, 0, 10, 0.000000, ZIP, 4663, 40, 116.592500, 96, 97, 
sess0001, 000462, 96, 97, GDX, 2180, 20, 109.030000, SHVR, 2453, 10, 245.370000, SNPR, 0, 10, 0.000000, ZIP, 4663, 40, 116.592500, 96, 97, 
sess0001, 000462, 96, 97, GDX, 2180, 20, 109.030000, SHVR, 2461, 10, 246.170000, SNPR, 0, 10, 0.000000, ZIP, 4701, 40, 117.542500, 96, 97, 
sess0001, 000472, 96, 97, GDX, 2180, 20, 109.030000, SHVR, 2466, 10, 246.670000, SNPR, 0, 10, 0.000000, ZIP, 4726, 40, 118.167500, 96, 97, 
sess0001, 000475, 96, 97, GDX, 2180, 20, 109.030000, SHVR, 2508, 10, 250.870000, SNPR, 0, 10, 0.000000, ZIP, 4756, 40, 118.917500, 96, 97, 
sess0001, 000475, 96, 97, GDX, 2180, 20, 109.030000, SHVR, 2508, 10, 250.870000, SNPR, 0, 10, 0.000000, ZIP, 4830, 40, 120.767500, 96, 97, 
sess0001, 000480, 96, 97, GDX, 2203, 20, 110.180000, SHVR, 2508, 10, 250.870000, SNPR, 41, 10, 4.100000, ZIP, 4830, 40, 120.767500, 96, 97, 
sess0001, 000480, 96, 97, GDX, 2203, 20, 110.180000, SHVR, 2508, 10, 250.870000, SNPR, 91, 10, 9.100000, ZIP, 4862, 40, 121.567500, 96, 97, 
sess0001, 000480, 96, 97, GDX, 2218, 20, 110.930000, SHVR, 2508, 10, 250.870000, SNPR, 102, 10, 10.200000, ZIP, 4862, 40, 121.567500, 96, 97, 
sess0001, 000481, 96, 97, GDX, 2218, 20, 110.930000, SHVR, 2508, 10, 250.870000, SNPR, 149, 10, 14.900000, ZIP, 4889, 40, 122.242500, 96, 97, 
sess0001, 000481, 96, 97, GDX, 2218, 20, 110.930000, SHVR, 2508, 10, 250.870000, SNPR, 202, 10, 20.200000, ZIP, 4890, 40, 122.267500, 96, 97, 
sess0001, 000482, 96, 97, GDX, 2218, 20, 110.930000, SHVR, 2508, 10, 250.870000, SNPR, 220, 10, 22.000000, ZIP, 4908, 40, 122.717500, 96, 97, 
sess0001, 000483, 96, 97, GDX, 2259, 20, 112.980000, SHVR, 2508, 10, 250.870000, SNPR, 231, 10, 23.100000, ZIP, 4908, 40, 122.717500, 96, 97, 
sess0001, 000488, 96, 97, GDX, 2295, 20, 114.780000, SHVR, 2544, 10, 254.470000, SNPR, 231, 10, 23.100000, ZIP, 4908, 40, 122.717500, 96, 97, 
sess0001, 000488, 96, 97, GDX, 2295, 20, 114.780000, SHVR, 2549, 10, 254.970000, SNPR, 231, 10, 23.100000, ZIP, 4941, 40, 123.542500, 96, 97, 
sess0001, 000492, 96, 97, GDX, 2295, 20, 114.780000, SHVR, 2550, 10, 255.070000, SNPR, 231, 10, 23.100000, ZIP, 4958, 40, 123.967500, 96, 97, 
sess0001, 000492, 96, 97, GDX, 2335, 20, 116.780000, SHVR, 2569, 10, 256.970000, SNPR, 231, 10, 23.100000, ZIP, 4958, 40, 123.967500, 96, 97, 
sess0001, 000493, 96, 97, GDX, 2335, 20, 116.780000, SHVR, 2569, 10, 256.970000, SNPR, 249, 10, 24.900000, ZIP, 4963, 40, 124.092500, 96, 97, 
sess0001, 000499, 96, 97, GDX, 2335, 20, 116.780000, SHVR, 2569, 10, 256.970000, SNPR, 302, 10, 30.200000, ZIP, 4987, 40, 124.692500, 96, 97, 
sess0001, 000504, 96, 97, GDX, 2335, 20, 116.780000, SHVR, 2569, 10, 256.970000, SNPR, 349, 10, 34.900000, ZIP, 5017, 40, 125.442500, 96, 97, 
sess0001, 000504, 96, 97, GDX, 2358, 20, 117.930000, SHVR, 2569, 10, 256.970000, SNPR, 390, 10, 39.000000, ZIP, 5017, 40, 125.442500, 96, 97, 
sess0001, 000507, 96, 97, GDX, 2358, 20, 117.930000, SHVR, 2569, 10, 256.970000, SNPR, 440, 10, 44.000000, ZIP, 5049, 40, 126.242500, 96, 97, 
sess0001, 000507, 96, 97, GDX, 2368, 20, 118.430000, SHVR, 2615, 10, 261.570000, SNPR, 440, 10, 44.000000, ZIP, 5049, 40, 126.242500, 96, 97, 
sess0001, 000509, 96, 97, GDX, 2368, 20, 118.430000, SHVR, 2657, 10, 265.770000, SNPR, 440, 10, 44.000000, ZIP, 5063, 40, 126.592500, 96, 97, 
sess0001, 000511, 96, 97, GDX, 2368, 20, 118.430000, SHVR, 2665, 10, 266.570000, SNPR, 440, 10, 44.000000, ZIP, 5091, 40, 127.292500, 96, 97, 
sess0001, 000513, 96, 97, GDX, 2368, 20, 118.430000, SHVR, 2666, 10, 266.670000, SNPR, 440, 10, 44.000000, ZIP, 5113, 40, 127.842500, 96, 97, 
sess0001, 000513, 96, 97, GDX, 2368, 20, 118.430000, SHVR, 2685, 10, 268.570000, SNPR, 440, 10, 44.000000, ZIP, 5140, 40, 128.517500, 96, 97, 
sess0001, 000514, 96, 97, GDX, 2408, 20, 120.430000, SHVR, 2685, 10, 268.570000, SNPR, 490, 10, 49.000000, ZIP, 5140, 40, 128.517500, 96, 97, 
sess0001, 000522, 96, 97, GDX, 2408, 20, 120.430000, SHVR, 2685, 10, 268.570000, SNPR, 508, 10, 50.800000, ZIP, 5158, 40, 128.967500, 96, 97, 
sess0001, 000523, 96, 97, GDX, 2408, 20, 120.430000, SHVR, 2690, 10, 269.070000, SNPR, 508, 10, 50.800000, ZIP, 5188, 40, 129.717500, 96, 97, 
sess0001, 000525, 96, 97, GDX, 2408, 20, 120.430000, SHVR, 2736, 10, 273.670000, SNPR, 508, 10, 50.800000, ZIP, 5213, 40, 130.342500, 96, 97, 
sess0001, 000526, 96, 97, GDX, 2431, 20, 121.580000, SHVR, 2772, 10, 277.270000, SNPR, 508, 10, 50.800000, ZIP, 5213, 40, 130.342500, 96, 97, 
sess0001, 000526, 96, 97, GDX, 2431, 20, 121.580000, SHVR, 2772, 10, 277.270000, SNPR, 561, 10, 56.100000, ZIP, 5243, 40, 131.092500, 96, 97, 
sess0001, 000528, 96, 97, GDX, 2431, 20, 121.580000, SHVR, 2780, 10, 278.070000, SNPR, 561, 10, 56.100000, ZIP, 5281, 40, 132.042500, 96, 97, 
sess0001, 000530, 96, 97, GDX, 2431, 20, 121.580000, SHVR, 2780, 10, 278.070000, SNPR, 608, 10, 60.800000, ZIP, 5282, 40, 132.067500, 96, 97, 
sess0001, 000533, 96, 97, GDX, 2446, 20, 122.330000, SHVR, 2780, 10, 278.070000, SNPR, 619, 10, 61.900000, ZIP, 5282, 40, 132.067500, 96, 97, 
sess0001, 000534, 96, 97, GDX, 2487, 20, 124.380000, SHVR, 2780, 10, 278.070000, SNPR, 660, 10, 66.000000, ZIP, 5282, 40, 132.067500, 96, 97, 
sess0001, 000535, 96, 97, GDX, 2487, 20, 124.380000, SHVR, 2780, 10, 278.070000, SNPR, 660, 10, 66.000000, ZIP, 5364, 40, 134.117500, 96, 97, 
sess0001, 000536, 96, 97, GDX, 2487, 20, 124.380000, SHVR, 2822, 10, 282.270000, SNPR, 660, 10, 66.000000, ZIP, 5381, 40, 134.542500, 96, 97, 
sess0001, 000541, 96, 97, GDX, 2487, 20, 124.380000, SHVR, 2823, 10, 282.370000, SNPR, 660, 10, 66.000000, ZIP, 5408, 40, 135.217500, 96, 97, 
sess0001, 000542, 96, 97, GDX, 2487, 20, 124.380000, SHVR, 2823, 10, 282.370000, SNPR, 713, 10, 71.300000, ZIP, 5422, 40, 135.567500, 96, 97, 
sess0001, 000544, 96, 97, GDX, 2487, 20, 124.380000, SHVR, 2823, 10, 282.370000, SNPR, 760, 10, 76.000000, ZIP, 5446, 40, 136.167500, 96, 97, 
sess0001, 000544, 96, 97, GDX, 2497, 20, 124.880000, SHVR, 2831, 10, 283.170000, SNPR, 760, 10, 76.000000, ZIP, 5446, 40, 136.167500, 96, 97, 
sess0001, 000548, 96, 97, GDX, 2497, 20, 124.880000, SHVR, 2836, 10, 283.670000, SNPR, 760, 10, 76.000000, ZIP, 5479, 40, 136.992500, 96, 97, 
sess0001, 000549, 96, 97, GDX, 2497, 20, 124.880000, SHVR, 2872, 10, 287.270000, SNPR, 760, 10, 76.000000, ZIP, 5484, 40, 137.117500, 96, 97, 
sess0001, 000550, 96, 97, GDX, 2533, 20, 126.680000, SHVR, 2918, 10, 291.870000, SNPR, 760, 10, 76.000000, ZIP, 5484, 40, 137.117500, 96, 97, 
sess0001, 000556, 96, 97, GDX, 2533, 20, 126.680000, SHVR, 2918, 10, 291.870000, SNPR, 771, 10, 77.100000, ZIP, 5502, 40, 137.567500, 96, 97, 
sess0001, 000560, 96, 97, GDX, 2533, 20, 126.680000, SHVR, 2937, 10, 293.770000, SNPR, 771, 10, 77.100000, ZIP, 5534, 40, 138.367500, 96, 97, 
sess0001, 000561, 96, 97, GDX, 2533, 20, 126.680000, SHVR, 2937, 10, 293.770000, SNPR, 821, 10, 82.100000, ZIP, 5556, 40, 138.917500, 96, 97, 
sess0001, 000562, 96, 97, GDX, 2533, 20, 126.680000, SHVR, 2937, 10, 293.770000, SNPR, 839, 10, 83.900000, ZIP, 5594, 40, 139.867500, 96, 97, 
sess0001, 000565, 96, 97, GDX, 2533, 20, 126.680000, SHVR, 2937, 10, 293.770000, SNPR, 839, 10, 83.900000, ZIP, 5645, 40, 141.142500, 96, 97, 
sess0001, 000565, 95, 97, GDX, 2543, 20, 127.180000, SHVR, 2937, 10, 293.770000, SNPR, 839, 10, 83.900000, ZIP, 5676, 40, 141.917500, 95, 97, 
sess0001, 000565, 95, 97, GDX, 2566, 20, 128.330000, SHVR, 2937, 10, 293.770000, SNPR, 839, 10, 83.900000, ZIP, 5697, 40, 142.442500, 95, 97, 
sess0001, 000568, 95, 96, GDX, 2581, 20, 129.080000, SHVR, 2937, 10, 293.770000, SNPR, 839, 10, 83.900000, ZIP, 5741, 40, 143.542500, 95, 96, 
sess0001, 000569, 95, 96, GDX, 2581, 20, 129.080000, SHVR, 2980, 10, 298.070000, SNPR, 839, 10, 83.900000, ZIP, 5741, 40, 143.542500, 95, 96, 
sess0001, 000571, 95, 96, GDX, 2581, 20, 129.080000, SHVR, 3023, 10, 302.370000, SNPR, 839, 10, 83.900000, ZIP, 5770, 40, 144.267500, 95, 96, 
sess0001, 000571, 95, 96, GDX, 2622, 20, 131.130000, SHVR, 3023, 10, 302.370000, SNPR, 839, 10, 83.900000, ZIP, 5783, 40, 144.592500, 95, 96, 
sess0001, 000573, 95, 96, GDX, 2622, 20, 131.130000, SHVR, 3023, 10, 302.370000, SNPR, 839, 10, 83.900000, ZIP, 5824, 40, 145.617500, 95, 96, 
sess0001, 000574, 95, 96, GDX, 2622, 20, 131.130000, SHVR, 3023, 10, 302.370000, SNPR, 879, 10, 87.900000, ZIP, 5825, 40, 145.642500, 95, 96, 
sess0001, 000574, 95, 96, GDX, 2658, 20, 132.930000, SHVR, 3023, 10, 302.370000, SNPR, 879, 10, 87.900000, ZIP, 5841, 40, 146.042500, 95, 96, 
sess0001, 000574, 95, 97, GDX, 2658, 20, 132.930000, SHVR, 3025, 10, 302.570000, SNPR, 879, 10, 87.900000, ZIP, 5864, 40, 146.617500, 95, 97, 
sess0001, 000575, 94, 97, GDX, 2658, 20, 132.930000, SHVR, 3081, 10, 308.170000, SNPR, 879, 10, 87.900000, ZIP, 5864, 40, 146.617500, 94, 97, 
sess0001, 000580, 94, 95, GDX, 2658, 20, 132.930000, SHVR, 3084, 10, 308.470000, SNPR, 879, 10, 87.900000, ZIP, 5871, 40, 146.792500, 94, 95, 
sess0001, 000580, 94, 96, GDX, 2658, 20, 132.930000, SHVR, 3084, 10, 308.470000, SNPR, 879, 10, 87.900000, ZIP, 5904, 40, 147.617500, 94, 96, 
sess0001, 000580, 94, 96, GDX, 2658, 20, 132.930000, SHVR, 3084, 10, 308.470000, SNPR, 879, 10, 87.900000, ZIP, 5963, 40, 149.092500, 94, 96, 
sess0001, 000585, 94, 96, GDX, 2658, 20, 132.930000, SHVR, 3084, 10, 308.470000, SNPR, 934, 10, 93.400000, ZIP, 6006, 40, 150.167500, 94, 96, 
sess0001, 000586, 93, 95, GDX, 2658, 20, 132.930000, SHVR, 3090, 10, 309.070000, SNPR, 934, 10, 93.400000, ZIP, 6041, 40, 151.042500, 93, 95, 
sess0001, 000586, 93, 95, GDX, 2658, 20, 132.930000, SHVR, 3090, 10, 309.070000, SNPR, 934, 10, 93.400000, ZIP, 6118, 40, 152.967500, 93, 95, 
sess0001, 000587, 93, 95, GDX, 2658, 20, 132.930000, SHVR, 3134, 10, 313.470000, SNPR, 934, 10, 93.400000, ZIP, 6145, 40, 153.642500, 93, 95, 
sess0001, 000587, 93, 96, GDX, 2658, 20, 132.930000, SHVR, 3134, 10, 313.470000, SNPR, 934, 10, 93.400000, ZIP, 6192, 40, 154.817500, 93, 96, 
sess0001, 000587, 93, 96, GDX, 2658, 20, 132.930000, SHVR, 3134, 10, 313.470000, SNPR, 949, 10, 94.900000, ZIP, 6225, 40, 155.642500, 93, 96, 
sess0001, 000589, 93, 97, GDX, 2658, 20, 132.930000, SHVR, 3134, 10, 313.470000, SNPR, 997, 10, 99.700000, ZIP, 6225, 40, 155.642500, 93, 97, 
sess0001, 000589, 92, 97, GDX, 2658, 20, 132.930000, SHVR, 3134, 10, 313.470000, SNPR, 1005, 10, 100.500000, ZIP, 6228, 40, 155.717500, 92, 97, 
sess0001, 000594, 94, 97, GDX, 2699, 20, 134.980000, SHVR, 3134, 10, 313.470000, SNPR, 1005, 10, 100.500000, ZIP, 6244, 40, 156.117500, 94, 97, 
sess0001, 000595, 94, 97, GDX, 2739, 20, 136.980000, SHVR, 3134, 10, 313.470000, SNPR, 1055, 10, 105.500000, ZIP, 6244, 40, 156.117500, 94, 97, 
