3.6750000000000185,1,83.0,53.0,45.5,45.5,19,72.0,0,-0.7142857142857143,7,72.0,0.0,72.0
4.075000000000024,1,108.0,15.0,67.5,67.5,60,75.0,0.4000000000000057,-0.5,8,73.53846153846155,0.020404193727124643,75.0
5.300000000000042,1,137.0,15.0,82.5,82.5,75.0,90,1.2250000000000174,-0.07692307692307693,13,79.30937773882559,0.09935878501379906,90
5.91250000000005,1,150.0,18.0,84.0,84.0,75.0,93,0.6125000000000087,-0.07692307692307693,13,82.99969675528152,0.11009458119340589,93
6.962500000000065,1,144.0,6,90.0,90.0,87,93,1.050000000000015,0.25,16,85.21001076114,0.10795074665693423,93
8.037500000000078,1,50.0,20,98.0,98.0,88,108,1.0750000000000126,0.25,16,85.7366064258485,0.09905874951084066,88
10.212499999999954,1,124.0,9,102.5,102.5,98,107,2.1749999999998764,0.0,20,89.2609720996309,0.12316767454369842,107
11.999999999999853,1,67.0,1,104.5,104.25,104,105,1.7874999999998984,0.16666666666666666,24,91.45050308584285,0.12628656587886125,104
12.76249999999981,1,70.0,1,104.5,104.33333333333333,104,105,0.7624999999999567,0.04,25,93.14752497630289,0.1260362739874072,104
15.087499999999677,1,85.0,1,104.5,104.33333333333333,104,105,2.324999999999868,-0.037037037037037035,27,94.499814295322,0.12433298894893123,104
16.14999999999962,1,147.0,1,104.5,104.5,104,105,1.0624999999999414,0.0,28,95.71736855688391,0.12272978139419255,105
18.487499999999486,1,129.0,1,104.5,104.5,104,105,2.337499999999867,0.07142857142857142,28,96.72714068436434,0.12063128805848114,105
19.187499999999446,1,83.0,7.0,107.5,107.5,104,111.0,0.6999999999999602,0.10344827586206896,29,97.47436569250209,0.11780131050768525,104
20.199999999999388,1,78.0,10.0,106.0,106.0,101,111.0,1.0124999999999424,0.06666666666666667,30,97.81844749250975,0.11402408842585529,101
21.849999999999294,1,57.0,13.0,104.5,104.5,98,111.0,1.6499999999999062,0.06666666666666667,30,97.83536099548311,0.110165831406674,98
22.237499999999272,1,142.0,9.0,101.5,101.5,97.0,106.0,0.387499999999978,0.06666666666666667,30,98.56451155038233,0.10884568504013076,106.0
23.14999999999922,1,126.0,10.0,106.0,106.0,101,111.0,0.9124999999999481,0.06666666666666667,30,99.63307341998313,0.11018844838286024,111.0
25.887499999999065,1,103.0,10.0,116.0,116.0,111.0,121,2.7374999999998444,0.08108108108108109,37,100.57593975938781,0.11082608312515575,111.0
30.03749999999883,1,132.0,18.0,110.0,110.0,101.0,119,4.149999999999764,0.05,40,102.05543601244825,0.11636013935770106,119
30.38749999999881,1,55.0,20.0,111.0,111.0,101.0,121,0.3499999999999801,0.047619047619047616,42,101.97317468340538,0.11335707110705598,101.0
32.174999999998754,1,103.0,1.0,100.5,100.5,100,101.0,1.7874999999999446,0.05,40,101.89938653865975,0.11057607592463344,101.0
35.037499999999405,1,50.0,5,114.5,114.5,112,117,2.862500000000651,0.1,40,102.64595818210864,0.11062810778099257,112
35.16249999999943,1,126.0,19.0,107.5,107.5,98.0,117,0.12500000000002842,0.07692307692307693,39,103.68213692618609,0.11287566711314412,117
37.48749999999996,1,116.0,1.0,113.5,113.33333333333333,113.0,114,2.3250000000005286,0.07317073170731707,41,104.41078827683624,0.11310651899414711,114
39.55000000000043,1,85.0,1.0,111.5,111.5,111.0,112,2.062500000000469,0.0,38,104.86671940362822,0.11209280342985929,111.0
40.43750000000063,1,142.0,23.0,109.5,109.5,98.0,121,0.8875000000002018,0.02702702702702703,37,105.96201613033719,0.11523130508439446,121
43.8000000000014,1,103.0,3,110.5,110.5,109,112,3.3625000000007645,0.13636363636363635,44,106.16464134999423,0.11351138479927116,109
45.05000000000168,1,65.0,1,109.5,109.5,109,110,1.2500000000002842,0.13043478260869565,46,106.35064624803866,0.11185971439951482,109
46.28750000000196,1,78.0,1,108.5,108.5,108,109,1.2375000000002814,0.13636363636363635,44,106.45718477546802,0.11011513680470726,108
46.425000000001994,1,139.0,1,107.5,107.5,107,108,0.13750000000003126,0.09090909090909091,44,106.55540806137131,0.10844757032802214,108
46.68750000000205,1,101.0,4.0,108.0,108.0,106.0,110,0.2625000000000597,0.09523809523809523,42,106.52052470353502,0.10663417874896314,106.0
48.56250000000248,1,62.0,1.0,108.5,108.5,108.0,109,1.8750000000004263,0.023255813953488372,43,106.6122707266984,0.10512167122340647,108.0
52.987500000003486,1,75.0,7.0,104.5,102.75,101.0,108,4.425000000001006,-0.045454545454545456,44,106.26837066926406,0.10339984885529407,101.0
53.96250000000371,1,114.0,8.0,104.0,102.0,100.0,108,0.9750000000002217,-0.043478260869565216,46,106.37329559562721,0.10204896711909422,108
55.750000000004114,1,129.0,3.0,104.5,103.75,103.0,106,1.7875000000004064,-0.125,48,106.35091352597786,0.10055138114228081,106
55.90000000000415,1,134.0,1.0,103.5,103.5,103.0,104,0.1500000000000341,-0.10638297872340426,47,106.21134718142443,0.09902460692845418,104
57.13750000000443,1,137.0,7.0,102.5,101.33333333333333,99.0,106,1.2375000000002814,-0.06666666666666667,45,106.19891659923016,0.09766192894622634,106
57.825000000004586,1,132.0,6.0,103.0,102.0,100.0,106.0,0.6875000000001563,-0.06666666666666667,45,106.18731937374864,0.09635424820536981,106.0
60.80000000000526,1,121.0,1,104.5,104.5,104,105,2.9750000000006764,-0.08695652173913043,46,106.1186662942128,0.09504309643434751,105
60.88750000000528,1,67.0,2,105.0,104.66666666666667,104,106,0.0875000000000199,-0.06666666666666667,45,105.99711174183592,0.09375674442721704,104
61.66250000000546,1,67.0,2,104.0,104.33333333333333,103,105,0.7750000000001762,-0.06666666666666667,45,105.82641657037432,0.09252265464569819,103
62.88750000000574,1,114.0,3,103.5,103.0,102,105,1.2250000000002785,-0.043478260869565216,46,105.7796744917484,0.09137506848094815,105
63.47500000000587,1,142.0,2,103.0,103.0,102,104,0.5875000000001336,-0.09090909090909091,44,105.67967220407444,0.09024527496769559,104
63.96250000000598,1,111.0,2,103.0,103.0,102,104,0.48750000000011084,-0.06976744186046512,43,105.58586993991965,0.08916066980282027,104
67.46250000000677,1,85.0,1,103.5,103.5,103,104,3.5000000000007887,0.045454545454545456,44,105.4422997903553,0.08811904776163336,103
69.82500000000731,1,73.0,2,103.0,103.33333333333333,102,104,2.362500000000537,0.045454545454545456,44,105.2522291623475,0.08714744285319861,102
69.91250000000733,1,57.0,2,103.0,103.0,102,104,0.0875000000000199,0.047619047619047616,42,105.07358534485364,0.08622209065021004,102
74.15000000000829,1,106.0,1,103.5,103.5,103,104,4.2375000000009635,0.06666666666666667,45,105.01490295877917,0.08530154439139868,104
74.33750000000833,1,144.0,1.0,100.5,100.66666666666667,100,101.0,0.18750000000004263,0.023255813953488372,43,104.796465534858,0.08450428697871319,101.0
75.75000000000865,1,126.0,7,103.5,104.66666666666667,100,107,1.4125000000003212,0.09523809523809523,42,104.91582648334544,0.08374943789072377,107
76.68750000000887,1,137.0,11.0,105.5,107.33333333333333,100,111.0,0.9375000000002132,0.047619047619047616,42,105.24402578173347,0.08346635453560922,111.0
82.17500000001012,1,50.0,2,101.0,101.33333333333333,100,102,5.487500000001248,-0.06382978723404255,47,104.96225771802911,0.08278937964473389,100
82.71250000001024,1,121.0,1,100.5,100.5,100,101,0.5375000000001222,-0.08333333333333333,48,104.75015207475329,0.0820890980520497,101
82.93750000001029,1,108.0,3,101.5,101.5,100,103,0.22500000000005116,-0.06382978723404255,47,104.65679348631866,0.0813348002446079,103
84.62500000001067,1,132.0,4,101.0,101.0,99,103,1.6875000000003837,-0.04,50,104.56870941358434,0.0806051774355817,103
85.03750000001077,1,129.0,4,101.0,100.6,99,103,0.4125000000000938,-0.041666666666666664,48,104.48557152885007,0.0798986422150727,103
86.28750000001105,1,75.0,2.0,100.0,100.33333333333333,99,101.0,1.2500000000002842,-0.08333333333333333,48,104.19571809985224,0.07950040428829638,99
86.31250000001106,1,114.0,2.0,100.0,100.0,99,101.0,0.025000000000005684,-0.10638297872340426,47,104.02733685981049,0.07894935291886906,101.0
89.18750000001171,1,70.0,1.0,98.5,98.5,98.0,99,2.8750000000006537,-0.08695652173913043,46,103.7106105235069,0.07875817982320926,98.0
89.48750000001178,1,55.0,3,98.5,98.5,97,100,0.3000000000000682,-0.09090909090909091,44,103.35887564204596,0.07876948317261374,97
91.40000000001221,1,101.0,1.0,98.5,98.33333333333333,98.0,99,1.9125000000004349,-0.06666666666666667,45,103.13095668859124,0.07851220249054013,99
91.43750000001222,1,116.0,1.0,98.5,98.5,98.0,99,0.037500000000008527,-0.047619047619047616,42,102.91544845417339,0.07827532699973849,99
91.93750000001234,1,137.0,7.0,99.5,99.5,96.0,103.0,0.5000000000001137,-0.1,40,102.9198498839529,0.07764638777025701,103.0
94.66250000001295,1,101.0,1.0,100.5,100.5,100.0,101,2.7250000000006196,-0.045454545454545456,44,102.8201149211259,0.07719388300477177,101
95.35000000001311,1,144.0,6.0,103.0,103.0,100.0,106.0,0.6875000000001563,0.022222222222222223,45,102.98498650616308,0.07649182464053787,106.0
95.50000000001315,1,57.0,11.0,105.5,105.5,100.0,111.0,0.1500000000000341,0.023255813953488372,43,102.83050560229972,0.07617230619700137,100.0
96.36250000001334,1,67.0,4,100.0,100.0,98,102,0.8625000000001961,0.0,42,102.58095160643107,0.07614659506054902,98
98.78750000001389,1,132.0,5,99.5,99.5,97,102,2.4250000000005514,0.024390243902439025,41,102.55098823627367,0.07563171856795738,102
98.97500000001394,1,111.0,14.0,104.0,104.0,97,111.0,0.18750000000004263,0.0,40,102.98607167378037,0.07514570635793444,111.0
101.4375000000145,1,50.0,1.0,99.5,99.5,99,100.0,2.46250000000056,0.1,40,102.78111461811504,0.07498128419704835,99
102.21250000001467,1,65.0,1.0,98.5,98.5,98,99.0,0.7750000000001762,0.0,40,102.53562597870582,0.07498051477683403,98
103.73750000001502,1,108.0,3.0,99.5,99.5,98.0,101.0,1.5250000000003467,0.07317073170731707,41,102.45688446646854,0.0745966065598264,101.0
105.70000000001546,1,73.0,3.0,100.5,100.5,99.0,102.0,1.9625000000004462,0.023255813953488372,43,102.27985353842415,0.07447051927957425,99.0
110.06250000001646,1,52.0,1,99.5,99.5,99,100,4.362500000000992,-0.024390243902439025,41,102.11209174242579,0.07435243879342257,99
110.96250000001666,1,85.0,1.0,99.5,99.5,99.0,100,0.9000000000002046,0.0,40,101.9530935399897,0.07424002157461278,99.0
113.21250000001717,1,80.0,1,98.5,98.66666666666667,98,99,2.2500000000005116,-0.022222222222222223,45,101.75134816334771,0.07429746430711696,98
114.53750000001747,1,52.0,1.0,98.5,98.5,98.0,99,1.3250000000003013,0.0,44,101.56009673245651,0.07435932452955774,98.0
114.95000000001757,1,114.0,2,98.0,98.0,97,99,0.4125000000000938,-0.06976744186046512,43,101.4297057959638,0.07424693910775984,99
115.27500000001764,1,70.0,1,97.5,97.66666666666667,97,98,0.3250000000000739,-0.06976744186046512,43,101.20430194941447,0.07450837411284418,97
115.33750000001766,1,129.0,2,98.0,98.0,97,99,0.06250000000001421,-0.047619047619047616,42,101.09223604151904,0.07438326019836565,99
117.58750000001817,1,75.0,4,99.0,99.0,97,101,2.2500000000005116,-0.023255813953488372,43,100.88436279009989,0.0746454546319414,97
120.00000000001872,1,60.0,1.0,96.5,96.5,96.0,97,2.4125000000005485,-0.09523809523809523,42,100.63644947149713,0.0751294924543887,96.0
120.22500000001877,1,142.0,4.0,95.0,95.0,93.0,97,0.22500000000005116,-0.1282051282051282,39,100.45201543612131,0.07537474300607276,97
122.35000000001925,1,80.0,1.0,93.5,93.5,93.0,94,2.125000000000483,-0.1111111111111111,45,100.07433414251541,0.07665849662573035,93.0
122.76250000001934,1,126.0,3,91.5,91.5,90,93,0.4125000000000938,-0.11627906976744186,43,99.7160386766367,0.07793917354538465,93
123.18750000001944,1,55.0,5,92.5,91.66666666666667,90,95,0.42500000000009663,-0.14285714285714285,42,99.22426647196424,0.0802095289239567,90
124.06250000001964,1,144.0,4.0,90.0,89.33333333333333,88.0,92,0.875000000000199,-0.17073170731707318,41,98.85883855791354,0.08176213442930017,92
124.63750000001977,1,75.0,3.0,89.5,89.5,88.0,91,0.5750000000001307,-0.2,40,98.30988191142475,0.08476568644735294,88.0
127.47500000002042,1,85.0,1.0,85.5,85.5,85.0,86,2.837500000000645,-0.28205128205128205,39,97.6373879574515,0.0890083602849212,85.0
130.17500000001854,1,147.0,1.0,88.5,88.5,88.0,89,2.699999999998127,-0.23809523809523808,42,97.2012054276442,0.09146226413080753,89
131.30000000001752,1,57.0,3.0,89.5,89.5,88.0,91,1.1249999999989768,-0.21951219512195122,41,96.73678239111545,0.09425026607347946,88.0
132.15000000001675,1,142.0,3,89.5,89.5,88,91,0.8499999999992269,-0.23076923076923078,39,96.44736039757976,0.0957303232725923,91
133.10000000001588,1,132.0,4,90.0,90.0,88,92,0.949999999999136,-0.25,40,96.22309101363459,0.09675588903308271,92
135.9375000000133,1,126.0,2,92.0,92.0,91,93,2.8374999999974193,-0.14285714285714285,42,96.06062796363867,0.09734927948787218,93
135.9500000000133,1,57.0,5,93.5,93.5,91,96,0.012499999999988631,-0.15,40,95.80564558612451,0.09865456973009612,91
138.1250000000113,1,50.0,5,93.5,93.5,91,96,2.174999999998022,-0.21052631578947367,38,95.56360394078052,0.0998889167808682,91
140.63750000000903,1,129.0,3.0,94.5,94.5,93.0,96,2.512499999997715,-0.1,40,95.58557546621807,0.09922551903857456,96
141.81250000000796,1,114.0,9.0,98.5,100.0,94,103.0,1.1749999999989313,0.07317073170731707,41,95.95874473675242,0.09656590865355388,103.0
143.0875000000068,1,55.0,9.0,104.5,106.0,100,109.0,1.2749999999988404,0.0,44,96.16207467977695,0.09488212408869535,100
143.60000000000633,1,67.0,7.0,104.5,104.5,101,108.0,0.5124999999995339,0.023255813953488372,43,96.4054116293082,0.09304794104773294,101
144.01250000000596,1,111.0,6.0,103.0,104.0,100,106.0,0.41249999999962483,0.0,42,96.88785454937792,0.09030495620881591,106.0
144.76250000000528,1,108.0,5.0,102.5,103.33333333333333,100,105.0,0.7499999999993179,-0.023255813953488372,43,97.29564073671814,0.08803836685337507,105.0
145.96250000000418,1,116.0,1.0,103.5,103.5,103,104.0,1.1999999999989086,0.024390243902439025,41,97.6325689859979,0.08617416350071208,104.0
146.65000000000356,1,70.0,1.0,102.5,102.66666666666667,102,103.0,0.6874999999993747,0.024390243902439025,41,97.85199869434769,0.08482855262646467,102
147.01250000000323,1,137.0,10.0,106.0,107.66666666666667,101,111.0,0.3624999999996703,0.0,38,98.51242429654539,0.08257265149970958,111.0
147.42500000000285,1,52.0,12,108.0,108.0,102,114,0.41249999999962483,0.08108108108108109,37,98.68756531874364,0.08157875019944268,102
147.9375000000024,1,101.0,13,107.5,110.75,101,114,0.5124999999995339,0.10526315789473684,38,98.80366707859386,0.0808002736197258,101
148.73750000000166,1,88.0,12,108.0,108.0,102,114,0.7999999999992724,0.08108108108108109,37,98.9641139278063,0.07991868049826517,102
150.16250000000036,1,139.0,1,101.5,101.5,101,102,1.424999999998704,0.08108108108108109,37,99.11647675961731,0.07909440368209807,102
154.03749999999684,1,121.0,1,101.5,101.5,101,102,3.8749999999964757,0.0,40,99.26116582114335,0.07832242763679097,102
156.02499999999503,1,144.0,1,101.5,101.5,101,102,1.9874999999981924,0.047619047619047616,42,99.39857025291629,0.07759816672395144,102
156.43749999999466,1,62.0,1.0,101.5,101.5,101,102.0,0.41249999999962483,0.05,40,99.47889872855062,0.07703454577683243,101
160.16249999999127,1,50.0,1.0,98.5,98.66666666666667,98.0,99.0,3.724999999996612,-0.06976744186046512,43,99.40472836935423,0.07691685219216568,98.0
160.29999999999114,1,70.0,1.0,98.5,98.5,98,99.0,0.13749999999987494,-0.09523809523809523,42,99.3342885704804,0.07679540187036615,98
160.462499999991,1,142.0,3.0,97.5,97.5,96.0,99.0,0.1624999999998522,-0.15789473684210525,38,99.31752816936164,0.07651093469545382,99.0
161.28749999999025,1,75.0,5.0,98.5,98.5,96.0,101,0.8249999999992497,-0.08108108108108109,37,99.15121839374038,0.0767463286424372,96.0
165.56249999998636,1,147.0,1,99.5,99.5,99,100,4.274999999996112,-0.047619047619047616,42,99.19376279244271,0.0762898160527421,100
167.01249999998504,1,129.0,4.0,101.0,101.0,99,103.0,1.4499999999986812,-0.024390243902439025,41,99.38452326785105,0.07548058408473118,103.0
169.21249999998304,1,116.0,1.0,105.5,105.5,105,106.0,2.199999999997999,0.047619047619047616,42,99.71603775191736,0.0745209958538667,106.0
170.82499999998157,1,60.0,1.0,109.5,109.5,109,110.0,1.6124999999985334,0.047619047619047616,42,100.18122318615812,0.07365829760732001,109
171.5749999999809,1,101.0,3.0,109.5,109.5,108,111.0,0.7499999999993179,0.05,40,100.57295187138028,0.0730222667476883,108
171.84999999998064,1,93.0,5.0,108.5,108.5,106,111.0,0.2749999999997499,0.02564102564102564,39,100.84482504811004,0.07252828970340014,106
172.26249999998026,1,67.0,10.0,106.0,106.0,101,111.0,0.41249999999962483,-0.02564102564102564,39,100.85259794015522,0.0722242745389478,101
178.52499999997457,1,108.0,4.0,99.0,99.0,97.0,101,6.262499999994304,-0.045454545454545456,44,100.85998080612603,0.07192439764355103,101
178.87499999997425,1,111.0,4.0,99.0,99.0,97.0,101,0.3499999999996817,0.0,42,100.8669932823609,0.07162855048302283,101
178.9249999999742,1,114.0,5.0,99.5,99.5,97.0,102,0.049999999999954525,0.024390243902439025,41,100.92373214098559,0.0712906925041065,102
179.12499999997402,1,119.0,3.0,99.5,99.5,98.0,101,0.1999999999998181,0.02564102564102564,39,100.92755119442084,0.07100562794190514,101
180.7999999999725,1,137.0,10.0,106.0,106.0,101.0,111.0,1.6749999999984766,0.10526315789473684,38,101.4318837657364,0.07088889199005743,111.0
182.3499999999711,1,132.0,13.0,107.5,107.5,101.0,114,1.5499999999985903,0.1,40,102.06113129542423,0.07136800232320172,114
186.0624999999677,1,132.0,14,109.0,109.0,102,116,3.7124999999966235,0.022222222222222223,45,102.7589615159029,0.0724965758346804,116
186.22499999996757,1,57.0,15,109.5,109.5,102,117,0.1624999999998522,0.045454545454545456,44,102.72096757243929,0.07218425718348301,102
187.0749999999668,1,144.0,8.0,105.0,105.0,101.0,109,0.8499999999992269,0.047619047619047616,42,103.03527967034874,0.07245225831728938,109
189.96249999996417,1,121.0,1,111.5,111.5,111,112,2.887499999997374,0.12195121951219512,41,103.48400458643862,0.07322602955013978,112
190.42499999996375,1,142.0,6,113.0,113.0,110,116,0.46249999999957936,0.1,40,104.11045276495992,0.07490000619344721,116
191.31249999996294,1,126.0,10.0,110.0,110.0,105.0,115,0.8874999999991928,0.09523809523809523,42,104.65546603909712,0.07648096921136216,115
193.29999999996113,1,67.0,1.0,108.5,108.5,108.0,109,1.9874999999981924,0.06976744186046512,43,104.82284909575687,0.07670653294748898,108.0
195.03749999995955,1,106.0,2,108.0,108.0,107,109,1.7374999999984198,0.0,44,104.93180333018485,0.07675615476761669,107
196.38749999995832,1,126.0,3.0,102.5,102.5,101.0,104,1.3499999999987722,-0.045454545454545456,44,104.88517385231438,0.07634755725713528,104
198.6124999999563,1,147.0,1,106.5,106.5,106,107,2.2249999999979764,0.0,44,104.99099991634787,0.07639506774594934,107
199.91249999995512,1,57.0,2,107.0,107.0,106,108,1.2999999999988177,0.023255813953488372,43,105.04148833514772,0.07627365557779392,106
200.3749999999547,1,111.0,3,106.5,106.5,105,108,0.46249999999957936,0.047619047619047616,42,105.18952091885531,0.0764808878904586,108
200.76249999995434,1,52.0,6.0,108.0,108.0,105,111.0,0.38749999999964757,0.047619047619047616,42,105.18003836146674,0.07618246785521601,105
201.33749999995382,1,137.0,8.0,105.0,105.0,101.0,109,0.574999999999477,0.0,40,105.37116112085835,0.07656427194940987,109
202.66249999995262,1,129.0,9.0,105.5,105.5,101.0,110.0,1.324999999998795,0.0,42,105.60274658416478,0.07713064473987763,110.0
203.9874999999514,1,52.0,10.0,106.0,106.0,101.0,111.0,1.324999999998795,0.047619047619047616,42,105.37247368433192,0.07620390103490386,101.0
205.59999999994994,1,108.0,9.0,103.5,103.5,99.0,108,1.6124999999985334,0.023255813953488372,43,105.50392352027144,0.07638581392118524,108
206.89999999994876,1,75.0,2.0,102.0,102.0,101,103.0,1.2999999999988177,0.022222222222222223,45,105.2786076256089,0.07550039626232596,101
208.11249999994766,1,50.0,2.0,102.0,102.0,101.0,103.0,1.2124999999988972,0.0,44,105.06456920414271,0.07468827011513014,101.0
208.12499999994765,1,114.0,5.0,100.5,100.5,98.0,103.0,0.012499999999988631,-0.023255813953488372,43,104.961291218883,0.07416574792181456,103.0
210.07499999994587,1,73.0,2.0,100.0,100.0,99,101.0,1.9499999999982265,-0.024390243902439025,41,104.6630908112598,0.07328110425576208,99
210.83749999994518,1,108.0,3.0,99.5,99.5,98.0,101.0,0.7624999999993065,-0.07692307692307693,39,104.47985697126386,0.07265587413908317,101.0
214.51249999994184,1,116.0,1.0,100.5,100.33333333333333,100.0,101,3.6749999999966576,-0.022222222222222223,45,104.30579255814254,0.07208182198595561,101
215.1999999999412,1,57.0,3.0,99.5,99.5,98.0,101,0.6874999999993747,-0.023255813953488372,43,103.99037973583911,0.07138971109363422,98.0
215.63749999994081,1,137.0,5.0,98.5,98.5,96.0,101,0.4374999999996021,-0.047619047619047616,42,103.8408052490788,0.07093811971068112,101
217.3999999999392,1,55.0,2.0,100.0,100.0,99.0,101,1.762499999998397,-0.023255813953488372,43,103.59867963740598,0.0704412518993306,99.0
217.5374999999391,1,144.0,5.0,98.5,98.5,96.0,101,0.13749999999987494,-0.05,40,103.46870212934789,0.07007459740283274,101
218.76249999993797,1,126.0,5.0,99.5,99.5,97.0,102,1.2249999999988859,0.0,42,103.39524365345994,0.0697733950789175,102
218.87499999993787,1,73.0,4.0,99.0,99.0,97.0,101.0,0.11249999999989768,-0.024390243902439025,41,103.07538480161254,0.06941419379108886,97.0
219.63749999993718,1,75.0,5.0,98.5,98.5,96.0,101.0,0.7624999999993065,-0.02564102564102564,39,102.72151396052334,0.06920232124701692,96.0
220.24999999993662,1,114.0,8.0,97.0,97.0,93.0,101.0,0.6124999999994429,-0.08108108108108109,37,102.63541477829162,0.06897227632968472,101.0
225.9874999999314,1,147.0,1,100.5,100.5,100,101,5.737499999994782,0.024390243902439025,41,102.55362284547499,0.06875262990600373,101
228.88749999992876,1,103.0,3,98.5,98.8,97,100,2.8999999999973625,-0.023255813953488372,43,102.42591026499659,0.06855784541945298,100
230.02499999992773,1,67.0,1,97.5,97.75,97,98,1.1374999999989654,-0.047619047619047616,42,102.15455129294791,0.06851466491890258,97
230.18749999992758,1,60.0,1,97.5,97.66666666666667,97,98,0.1624999999998522,-0.07317073170731707,41,101.89676645810945,0.06854306464204338,97
231.34999999992652,1,134.0,1.0,97.5,97.5,97.0,98,1.1624999999989427,-0.024390243902439025,41,101.70188700499413,0.0685494429600435,98
232.66249999992533,1,50.0,6.0,99.0,100.0,96.0,102.0,1.3124999999988063,0.0,42,101.41673548132408,0.0687833217349421,96.0
236.12499999992218,1,142.0,2.0,97.0,97.0,96,98.0,3.462499999996851,-0.06976744186046512,43,101.2458661606167,0.06885801741613437,98.0
237.11249999992128,1,129.0,2.0,97.0,97.0,96,98.0,0.9874999999991019,-0.024390243902439025,41,101.08354347981647,0.06895086289661262,98.0
238.83749999991971,1,101.0,1,97.5,97.5,97,98,1.7249999999984311,-0.06666666666666667,45,100.92933979739372,0.06905780248484428,98
239.0624999999195,1,132.0,2,97.0,97.33333333333333,96,98,0.22499999999979536,-0.06976744186046512,43,100.78284888408633,0.06917527738737804,98
240.9374999999178,1,98.0,4.0,101.0,101.0,99,103.0,1.8749999999982947,-0.024390243902439025,41,100.69369260777228,0.06917262598303843,99
241.0499999999177,1,111.0,5.0,100.5,100.5,98,103.0,0.11249999999989768,-0.02564102564102564,39,100.80902497591184,0.0687526494508465,103.0
241.99999999991684,1,93.0,7.0,102.5,103.66666666666667,99,106.0,0.949999999999136,0.0,38,100.71856106054426,0.06875253487676558,99
242.51249999991637,1,129.0,8.0,102.0,103.33333333333333,98,106.0,0.5124999999995339,0.0,40,100.9826681382621,0.06815257908945536,106.0
242.53749999991635,1,55.0,13.0,104.5,106.66666666666667,98,111.0,0.024999999999977263,0.02564102564102564,39,100.83351588354532,0.0682695087535529,98
243.6999999999153,1,75.0,12.0,105.0,105.0,99,111.0,1.1624999999989427,0.05263157894736842,38,100.74182908256111,0.06827248404690633,99
245.41249999991373,1,111.0,11.0,105.5,105.5,100,111.0,1.7124999999984425,-0.02857142857142857,35,101.2547961300141,0.06760191227246709,111.0
246.41249999991282,1,50.0,16,108.0,105.33333333333333,100,116,0.9999999999990905,0.02857142857142857,35,101.19204952534413,0.06750751454931013,100
247.5499999999118,1,70.0,1.0,100.5,100.5,100,101.0,1.1374999999989654,-0.07692307692307693,39,101.13244091379744,0.06741386626030227,100
248.03749999991135,1,116.0,1.0,100.5,100.5,100,101.0,0.4874999999995566,-0.10526315789473684,38,101.12581822054223,0.06723663799106641,101.0
248.66249999991078,1,121.0,1,100.5,100.66666666666667,100,101,0.6249999999994316,-0.02564102564102564,39,101.11952672509327,0.06706044574810627,101
250.66249999990896,1,52.0,3,101.5,102.0,100,103,1.999999999998181,-0.024390243902439025,41,101.06354544870202,0.06696947852941366,100
255.83749999990425,1,137.0,2,100.0,100.33333333333333,99,101,5.174999999995293,0.023255813953488372,43,101.06036790988136,0.06679141317902894,101
257.38749999990284,1,108.0,2,100.0,100.33333333333333,99,101,1.5499999999985903,0.0,42,101.05734927397641,0.06661456969013348,101
258.02499999990226,1,65.0,1,100.5,100.33333333333333,100,101,0.6374999999994202,0.022222222222222223,45,101.00447781001672,0.06652587199262455,100
258.8374999999015,1,55.0,2,100.0,100.0,99,101,0.812499999999261,-0.06666666666666667,45,100.90424671519484,0.06653733005244591,99
260.46249999990005,1,101.0,1,99.5,99.5,99,100,1.624999999998522,-0.043478260869565216,46,100.859031291979,0.06644554073147171,100
261.9374999998987,1,96.0,1,99.5,99.5,99,100,1.4749999999986585,0.022222222222222223,45,100.76607369730564,0.06646088103818189,99
262.54999999989815,1,114.0,2.0,99.0,99.0,98.0,100,0.6124999999994429,0.045454545454545456,44,100.72776765180603,0.06636408317063,100
267.0249999998941,1,67.0,5.0,100.5,100.5,98.0,103.0,4.47499999999593,0.0,44,100.5913712839787,0.06650652196616061,98.0
267.7624999998934,1,144.0,6.0,99.0,99.0,96.0,102.0,0.7374999999993292,-0.045454545454545456,44,100.66180663719231,0.06618729680555176,102.0
270.424999999891,1,142.0,1.0,96.5,96.5,96.0,97.0,2.6624999999975785,-0.06666666666666667,45,100.47870663100989,0.0664728224305241,97.0
271.3124999998902,1,132.0,3.0,97.5,97.5,96.0,99,0.8874999999991928,-0.06666666666666667,45,100.40476758812875,0.06648569413276058,99
273.99999999988773,1,126.0,6.0,100.0,101.0,97.0,103.0,2.6874999999975557,0.022222222222222223,45,100.53453539666667,0.06603343644332228,103.0
274.77499999988703,1,137.0,9.0,101.5,103.0,97.0,106.0,0.7749999999992951,0.0,44,100.8078210068091,0.06540663412511305,106.0
277.8874999998842,1,134.0,1.0,110.5,110.5,110.0,111.0,3.112499999997169,0.045454545454545456,44,101.31745188867755,0.06483798361151308,111.0
280.79999999988155,1,67.0,4.0,113.0,113.0,111.0,115,2.912499999997351,0.09090909090909091,44,101.80159908797476,0.06460117592125618,111.0
281.4874999998809,1,75.0,6,112.0,112.0,109,115,0.6874999999993747,0.12195121951219512,41,102.16153311324057,0.06452289007140906,109
282.51249999988,1,129.0,4,110.0,110.66666666666667,108,112,1.0249999999990678,0.047619047619047616,42,102.65347460901127,0.06484012928938808,112
285.1124999998776,1,101.0,1.0,110.5,110.5,110.0,111.0,2.5999999999976353,0.08695652173913043,46,103.02081375477715,0.06516789941983382,110.0
286.7999999998761,1,85.0,1.0,110.5,110.5,110.0,111.0,1.6874999999984652,0.06666666666666667,45,103.36978468778187,0.06561113294275674,110.0
287.8749999998751,1,52.0,3.0,109.5,110.0,108.0,111.0,1.0749999999990223,0.08695652173913043,46,103.6013027774748,0.06589055467711562,108.0
288.49999999987455,1,55.0,3.0,109.5,109.5,108,111.0,0.6249999999994316,0.09090909090909091,44,103.82124424856362,0.06619956151222976,108
288.7874999998743,1,106.0,5.0,108.5,108.5,106.0,111.0,0.2874999999997385,0.09523809523809523,42,103.93018514646512,0.06627402796068614,106.0
288.8749999998742,1,132.0,13.0,104.5,104.5,98.0,111.0,0.08749999999992042,0.07317073170731707,41,104.28368547716137,0.06707730059498514,111.0
292.8499999998706,1,144.0,2.0,101.0,101.0,100.0,102,3.9749999999963848,0.0,44,104.16949826104923,0.06665752391721094,102
294.31249999986926,1,60.0,1.0,101.5,101.5,101.0,102,1.4624999999986699,0.0,44,104.01101946866032,0.06617337109299115,101.0
294.8124999998688,1,114.0,4.0,100.0,100.0,98.0,102,0.49999999999954525,-0.047619047619047616,42,103.9104661568947,0.0658167938716755,102
298.2499999998657,1,52.0,3.0,101.5,101.0,100.0,103,3.4374999999968736,-0.06666666666666667,45,103.71493852946887,0.06533353246039682,100.0
298.61249999986535,1,142.0,4,101.0,100.33333333333333,99,103,0.3624999999996703,-0.045454545454545456,44,103.67919085274724,0.06511587181891605,103
298.84999999986513,1,50.0,4.0,101.0,101.0,99,103.0,0.237499999999784,-0.023255813953488372,43,103.44522664534094,0.06465500540524839,99
299.3124999998647,1,65.0,1.0,102.5,102.5,102,103.0,0.46249999999957936,-0.045454545454545456,44,103.37296394434158,0.06440629500784101,102
301.8374999998624,1,106.0,1.0,102.5,102.5,102,103.0,2.5249999999977035,-0.041666666666666664,48,103.35431541156265,0.06422994493080993,103.0
304.74999999985977,1,75.0,1,101.5,101.33333333333333,101,102,2.912499999997351,-0.08333333333333333,48,103.23659762868044,0.0639475360039608,101
305.21249999985935,1,144.0,4.0,100.0,99.33333333333333,98.0,102,0.46249999999957936,-0.08333333333333333,48,103.17476674313802,0.06373190133667643,102
305.9249999998587,1,85.0,1.0,99.5,99.5,99.0,100,0.712499999999352,-0.08,50,102.96602518559712,0.06343572754166933,99.0
306.86249999985785,1,80.0,1.0,98.5,98.5,98.0,99,0.9374999999991473,-0.061224489795918366,49,102.71772028710292,0.06320084869436776,98.0
307.86249999985694,1,126.0,1,98.5,98.33333333333333,98,99,0.9999999999990905,-0.08695652173913043,46,102.5318316845425,0.06302861443517786,99
308.52499999985633,1,55.0,2,98.0,98.33333333333333,97,99,0.6624999999993975,-0.09523809523809523,42,102.255236441721,0.0629648055745346,97
309.2249999998557,1,70.0,1,97.5,97.5,97,98,0.6999999999993634,-0.11627906976744186,43,101.99247131775797,0.06299123443616213,97
309.58749999985537,1,67.0,1.0,97.5,97.33333333333333,97.0,98,0.3624999999996703,-0.09523809523809523,42,101.74284477192994,0.06309478060145167,97.0
311.14999999985395,1,108.0,2.0,97.0,96.66666666666667,96.0,98,1.562499999998579,-0.06976744186046512,43,101.5557004109829,0.06317896007860087,98
312.199999999853,1,62.0,1.0,96.5,96.5,96.0,97,1.049999999999045,0.0,44,101.27791239763525,0.06349683512618076,96.0
312.9374999998523,1,88.0,1,96.5,96.5,96,97,0.7374999999993292,-0.045454545454545456,44,101.01401407675579,0.0638867180177495,96
313.0499999998522,1,73.0,5.0,95.5,95.5,93.0,98,0.11249999999989768,-0.047619047619047616,42,100.61330947676937,0.06480720883359062,93.0
313.262499999852,1,50.0,8,94.0,94.0,90,98,0.21249999999980673,-0.07317073170731707,41,100.08263910108515,0.06649149659297546,90
313.67499999985165,1,114.0,8.0,92.0,92.0,88.0,96,0.41249999999962483,-0.1,40,99.87850535471077,0.06706132564870648,96
316.3874999998492,1,129.0,5.0,93.5,92.66666666666667,91.0,96,2.712499999997533,-0.15,40,99.68457847031026,0.06764114291969768,96
317.97499999984774,1,111.0,6.0,94.0,94.0,91.0,97,1.5874999999985562,-0.1,40,99.55034848374116,0.06801389800620311,97
319.5624999998463,1,57.0,5.0,94.5,94.5,92.0,97,1.5874999999985562,-0.07692307692307693,39,99.17282821921965,0.06956018249019037,92.0
325.412499999841,1,116.0,1,95.5,95.5,95,96,5.8499999999946795,-0.09523809523809523,42,99.01418567436455,0.07012975436535478,96
325.9499999998405,1,52.0,3,95.5,94.75,94,97,0.5374999999995111,-0.047619047619047616,42,98.76347468829266,0.07120305329146613,94
327.54999999983903,1,142.0,2,95.0,94.5,94,96,1.5999999999985448,-0.07317073170731707,41,98.62530006256894,0.07173661547718332,96
328.09999999983853,1,134.0,1,95.5,95.33333333333333,95,96,0.5499999999994998,0.0,42,98.4940342550346,0.07225330902810254,96
329.49999999983726,1,126.0,3,94.5,95.0,93,96,1.3999999999987267,-0.024390243902439025,41,98.369331816307,0.07275190066335276,96
330.49999999983635,1,137.0,7.0,96.5,97.66666666666667,93,100.0,0.9999999999990905,-0.05,40,98.45086567642134,0.07218927582123469,100.0
333.7624999998334,1,116.0,1,95.5,95.5,95,96,3.2624999999970328,-0.09523809523809523,42,98.328321748748,0.07268069444451901,96
334.8499999998324,1,75.0,2,95.0,95.33333333333333,94,96,1.087499999999011,-0.07692307692307693,39,98.11190458109667,0.07372644900356357,94
335.4749999998318,1,132.0,8.0,92.0,92.0,88.0,96,0.6249999999994316,-0.13513513513513514,37,98.00630885132983,0.07416104642381782,96
336.99999999983044,1,132.0,6.0,96.0,96.0,93,99.0,1.524999999998613,-0.21052631578947367,38,98.05599363257804,0.07373693971828242,99.0
342.4499999998255,1,137.0,5,95.5,96.33333333333333,93,98,5.449999999995043,-0.1,40,98.05319393896794,0.0735990420230362,98
345.4124999998228,1,111.0,4,96.0,95.33333333333333,94,98,2.9624999999973056,-0.1111111111111111,45,98.05053423120657,0.07346127855049289,98
345.5124999998227,1,67.0,4,96.0,96.0,94,98,0.09999999999990905,-0.06976744186046512,43,97.84800673744215,0.07447596261186525,94
345.8374999998224,1,50.0,5,95.5,97.0,93,98,0.3249999999997044,-0.09090909090909091,44,97.60560551117541,0.07578325130788245,93
347.73749999982067,1,114.0,5,95.5,97.0,93,98,1.899999999998272,-0.1111111111111111,45,97.62532530435284,0.07551321027900924,98
347.9374999998205,1,129.0,8.0,97.0,99.4,93,101.0,0.1999999999998181,-0.06976744186046512,43,97.79405959787584,0.07441991965899171,101.0
350.4749999998182,1,80.0,1.0,96.5,96.5,96.0,97,2.537499999997692,0.0,44,97.70435633579395,0.07478879541021147,96.0
351.0124999998177,1,85.0,1,97.5,97.5,97,98,0.5374999999995111,-0.022222222222222223,45,97.6691384137553,0.07484175771580157,97
353.14999999981575,1,134.0,1,96.5,96.66666666666667,96,97,2.137499999998056,-0.06382978723404255,47,97.63568139808037,0.07488579959824129,97
353.3374999998156,1,108.0,5.0,98.5,99.33333333333333,96,101.0,0.18749999999982947,-0.043478260869565216,46,97.80389778187721,0.07380881290346665,101.0
354.01249999981496,1,144.0,7.0,99.5,100.66666666666667,96,103.0,0.6749999999993861,0.0,44,98.06370355847595,0.07232113511106857,103.0
357.01249999981223,1,142.0,5.0,101.5,101.5,99,104.0,2.9999999999972715,0.0,46,98.36051910304774,0.07075830725304079,104.0
358.66249999981073,1,147.0,1,100.5,100.5,100,101,1.6499999999984993,0.02127659574468085,47,98.49249345307926,0.06999892228185546,101
361.5374999998081,1,65.0,1.0,103.5,103.5,103,104.0,2.874999999997385,0.02127659574468085,47,98.71786927553686,0.06887863012760374,103
361.72499999980795,1,55.0,4.0,104.0,104.0,102,106.0,0.18749999999982947,0.022222222222222223,45,98.88197615424863,0.06805903387812055,102
362.04999999980765,1,50.0,6.0,103.0,104.0,100,106.0,0.3249999999997044,0.045454545454545456,44,98.93787745736813,0.0676944744339714,100
363.92499999980595,1,129.0,6.0,103.0,103.0,100,106.0,1.8749999999982947,-0.023255813953488372,43,99.29098424957778,0.06631713557045531,106.0
366.4249999998037,1,85.0,1.0,102.5,102.5,102,103.0,2.4999999999977263,-0.022222222222222223,45,99.42643527946532,0.06572335148300075,102
366.44999999980365,1,108.0,2.0,102.0,102.0,101.0,103.0,0.024999999999977263,-0.023255813953488372,43,99.60511381922103,0.06503146782520905,103.0
367.4124999998028,1,101.0,9.0,105.5,105.5,101.0,110.0,0.9624999999991246,-0.047619047619047616,42,99.67485824088808,0.06468969875824485,101.0
368.32499999980195,1,111.0,9.0,104.5,106.0,100,109.0,0.9124999999991701,0.047619047619047616,42,100.14111604414184,0.06351005475180362,109.0
372.37499999979826,1,142.0,1,103.5,103.25,103,104,4.0499999999963165,0.02127659574468085,47,100.33406052313578,0.06298504962217315,104
373.8874999997969,1,134.0,1,103.5,103.5,103,104,1.5124999999986244,0.041666666666666664,48,100.5173577507629,0.06253100143991494,104
375.4999999997954,1,147.0,1,101.5,101.66666666666667,101,102,1.6124999999985334,0.02127659574468085,47,100.59148996073242,0.06228239419453027,102
375.7124999997952,1,52.0,10.0,106.0,107.66666666666667,101,111.0,0.21249999999980673,0.043478260869565216,46,100.61191548821861,0.06212917844737175,101
380.31249999979104,1,65.0,1.0,101.5,101.66666666666667,101,102.0,4.599999999995816,0.0,44,100.63131973684202,0.06197908790841134,101
380.337499999791,1,116.0,1.0,101.5,101.5,101,102.0,0.024999999999977263,-0.023255813953488372,43,100.69975382717465,0.0617543504850895,102.0
380.52499999979085,1,137.0,2.0,102.0,102.0,101,103.0,0.18749999999982947,0.0,42,100.81476625903304,0.061478767931922695,103.0
381.0249999997904,1,67.0,9.0,106.5,106.5,102,111.0,0.49999999999954525,0.022222222222222223,45,100.87402800639624,0.06128595917254207,102
382.16249999978936,1,106.0,1,103.5,103.66666666666667,103,104,1.1374999999989654,0.02127659574468085,47,101.03032675719886,0.06100836690863701,104
384.0749999997876,1,73.0,8.0,107.0,108.33333333333333,103,111.0,1.9124999999982606,0.023255813953488372,43,101.12881050979996,0.06080500099243124,103
385.0999999997867,1,57.0,3.0,103.5,103.5,102,105.0,1.0249999999990678,-0.023255813953488372,43,101.17237002232045,0.06065504421541922,102
385.3124999997865,1,114.0,7.0,101.5,100.33333333333333,98.0,105.0,0.21249999999980673,-0.023255813953488372,43,101.36375167985608,0.060442475861658844,105.0
385.4374999997864,1,75.0,7.0,101.5,101.5,98.0,105,0.12499999999988631,0.0,42,101.19556396341015,0.06048589886091486,98.0
386.56249999978536,1,126.0,5,102.5,102.5,100,105,1.1249999999989768,-0.047619047619047616,42,101.3857859075551,0.06028150413802647,105
389.7874999997824,1,132.0,2.0,105.0,105.0,104,106.0,3.224999999997067,0.047619047619047616,42,101.61649677615446,0.060141283271080204,106.0
390.4999999997818,1,91.0,6.0,108.0,108.0,105,111.0,0.712499999999352,0.02564102564102564,39,101.78567205157547,0.06004883568233983,105
390.8124999997815,1,52.0,11.0,105.5,105.5,100,111.0,0.3124999999997158,0.02564102564102564,39,101.69638839172582,0.059952377806879405,100
391.21249999978113,1,67.0,15.0,103.5,103.5,96.0,111.0,0.3999999999996362,0.02702702702702703,37,101.41156879857706,0.06002350836501705,96.0
396.22499999977657,1,126.0,1.0,102.5,102.5,102,103.0,5.012499999995441,-0.024390243902439025,41,101.490990404626,0.05988600817700058,103.0
399.86249999977326,1,144.0,2,103.0,102.5,102,104,3.6374999999966917,0.0,40,101.61644095338781,0.059757440849251865,104
400.5874999997726,1,101.0,1,102.5,102.5,102,103,0.7249999999993406,-0.023255813953488372,43,101.63561891573825,0.05964790620436691,102
400.9249999997723,1,137.0,1,101.5,101.5,101,102,0.33749999999969305,-0.06976744186046512,43,101.65383797899418,0.05953961534388558,102
401.8249999997715,1,106.0,1,101.5,101.25,101,102,0.8999999999991815,-0.06976744186046512,43,101.67114608820567,0.05943247948224062,102
402.8749999997705,1,121.0,1,101.5,101.33333333333333,101,102,1.049999999999045,-0.07317073170731707,41,101.68758879116086,0.05932641893229832,102
403.2374999997702,1,52.0,1,101.5,101.5,101,102,0.3624999999996703,-0.024390243902439025,41,101.65320933697267,0.05922852800557834,101
403.83749999976965,1,111.0,6.0,99.0,99.0,96.0,102,0.5999999999994543,-0.08108108108108109,37,101.67054887713388,0.05912302126189358,102
403.96249999976953,1,50.0,15.0,103.5,103.5,96.0,111.0,0.12499999999988631,-0.05555555555555555,36,101.38702132438578,0.05920704171706763,96.0
406.24999999976745,1,132.0,7,100.5,100.5,97,104,2.2874999999979195,0.02564102564102564,39,101.51767030583463,0.05906177919782272,104
410.64999999976345,1,147.0,1,106.5,106.5,106,107,4.399999999995998,0.06976744186046512,43,101.79178688555544,0.05899731449758498,107
411.4749999997627,1,78.0,2.0,108.0,108.0,107,109.0,0.8249999999992497,0.0,42,102.05219762702643,0.05903211317664114,107
412.07499999976216,1,116.0,1.0,108.5,108.5,108,109.0,0.5999999999994543,-0.047619047619047616,42,102.3995878543453,0.059299014297041146,109.0
413.0124999997613,1,65.0,1.0,108.5,108.5,108,109.0,0.9374999999991473,-0.023255813953488372,43,102.67960854484392,0.05959882302759056,108
413.7874999997606,1,129.0,3.0,109.5,109.5,108.0,111.0,0.7749999999992951,0.0,42,103.09562823505199,0.0603462851565712,111.0
414.2374999997602,1,98.0,6.0,111.0,111.0,108.0,114,0.4499999999995907,0.024390243902439025,41,103.34084688906772,0.060805802972817194,108.0
415.48749999975905,1,75.0,6,110.0,110.0,107,113,1.2499999999988631,0.0,40,103.52380459123066,0.06115899538140005,107
417.1749999997575,1,142.0,4.0,104.0,104.0,102,106.0,1.6874999999984652,-0.02564102564102564,39,103.64761439163767,0.06137987556089254,106.0
420.33749999975464,1,73.0,6,105.0,105.0,102,108,3.1624999999971237,0.05,40,103.56523365311234,0.06107613133722974,102
421.07499999975397,1,142.0,4.0,103.0,102.33333333333333,101.0,105,0.7374999999993292,0.024390243902439025,41,103.63697198612817,0.06115861084213746,105
421.6999999997534,1,70.0,1,104.5,104.5,104,105,0.6249999999994316,0.05,40,103.65512339058873,0.06110329440051521,104
423.1124999997521,1,50.0,3,103.5,103.5,102,105,1.4124999999987153,0.05,40,103.57236720474356,0.06080049136731883,102
426.37499999974915,1,114.0,3.0,102.5,102.0,101.0,104,3.2624999999970328,0.0,42,103.5937488485111,0.06075298954569551,104
426.81249999974875,1,75.0,2.0,102.0,102.0,101.0,103,0.4374999999996021,-0.024390243902439025,41,103.46406138301008,0.0603579808001391,101.0
428.0749999997476,1,65.0,1,101.5,101.5,101,102,1.2624999999988518,-0.024390243902439025,41,103.34085829303397,0.05999824023829498,101
429.13749999974664,1,67.0,5.0,98.5,98.5,96.0,101.0,1.0624999999990337,-0.07317073170731707,41,102.97381531944141,0.059333089990074694,96.0
429.2624999997465,1,137.0,6.0,98.0,98.0,95.0,101.0,0.12499999999988631,-0.1,40,102.8751245384137,0.05908944656023906,101.0
432.7249999997434,1,55.0,2.0,100.0,100.0,99.0,101,3.462499999996851,-0.024390243902439025,41,102.68136828341264,0.05876401586555609,99.0
432.8374999997433,1,108.0,2.0,100.0,100.0,99.0,101,0.11249999999989768,0.0,40,102.59729985766748,0.05857685214840477,101
432.97499999974315,1,132.0,3.0,100.5,100.5,99.0,102,0.13749999999987494,0.05263157894736842,38,102.56743486087787,0.0584503170089391,102
434.3374999997419,1,52.0,8.0,107.0,107.0,103.0,111.0,1.3624999999987608,0.05263157894736842,38,102.58906312052143,0.05837985023471801,103.0
434.83749999974145,1,93.0,1.0,102.5,102.5,102.0,103.0,0.49999999999954525,0.0,38,102.55960996101861,0.05825511329558693,102.0
436.06249999974034,1,103.0,3.0,99.5,99.5,98.0,101,1.2249999999988859,0.0,38,102.48162945422287,0.05809018203161472,101
437.02499999973946,1,129.0,5.0,100.5,100.5,98.0,103.0,0.9624999999991246,0.02702702702702703,37,102.50754798427293,0.05802272632819262,103.0
440.812499999736,1,85.0,1.0,101.5,101.5,101,102.0,3.7874999999965553,0.0,42,102.43217057743054,0.05786684399224504,101
441.88749999973504,1,111.0,1.0,99.5,99.5,99.0,100.0,1.0749999999990223,0.0,42,102.31056203686668,0.0576963328809797,100.0
442.0499999997349,1,144.0,4.0,101.0,101.0,99.0,103.0,0.1624999999998522,0.05,40,102.34503393817204,0.05763030674145803,103.0
444.63749999973254,1,106.0,1.0,104.5,104.5,104.0,105,2.5874999999976467,0.047619047619047616,42,102.47778225278233,0.05766635295682271,105
448.13749999972936,1,62.0,1.0,102.5,102.5,102.0,103,3.4999999999968168,-0.023255813953488372,43,102.45389313817395,0.05755455761297296,102.0
448.38749999972913,1,126.0,5.0,100.5,100.5,98.0,103,0.24999999999977263,-0.024390243902439025,41,102.4811984834036,0.057489753074397194,103
451.43749999972636,1,67.0,5.0,100.5,100.5,98.0,103,3.049999999997226,-0.024390243902439025,41,102.25713854256409,0.057280281241035985,98.0
453.1374999997248,1,75.0,6.0,99.0,98.0,96.0,102,1.6999999999984539,-0.05,40,101.94428159332416,0.05718187540586992,96.0
456.0874999997221,1,129.0,7.0,96.5,96.5,93.0,100,2.949999999997317,-0.05,40,101.8470675071307,0.0571006532626459,100
457.1874999997211,1,57.0,8.0,97.0,97.0,93.0,101,1.0999999999989996,-0.07317073170731707,41,101.40471410355826,0.05738939243685462,93.0
458.44999999972,1,111.0,2,100.0,100.0,99,101,1.2624999999988518,-0.15789473684210525,38,101.38447839715415,0.05731698862817688,101
460.3124999997183,1,50.0,11.0,98.5,98.5,93,104.0,1.862499999998306,-0.1,40,100.96525445316304,0.057878876466337104,93
461.737499999717,1,73.0,8.0,99.0,99.0,95,103.0,1.424999999998704,-0.1,40,100.66699171419339,0.05838741907385556,95
462.98749999971585,1,55.0,6,98.0,99.0,95,101,1.2499999999988631,-0.023255813953488372,43,100.38364211376259,0.05899106084046431,95
463.33749999971553,1,142.0,6,98.0,98.0,95,101,0.3499999999996817,-0.024390243902439025,41,100.41446000959552,0.05882916795528112,101
464.3374999997146,1,137.0,7,98.5,98.5,95,102,0.9999999999990905,-0.024390243902439025,41,100.49373701283292,0.05856567189100138,102
466.72499999971245,1,62.0,1.0,97.5,97.5,97,98.0,2.3874999999978286,-0.045454545454545456,44,100.31905015441004,0.05891608620142064,97
467.4499999997118,1,101.0,1.0,96.5,96.5,96,97.0,0.7249999999993406,-0.023255813953488372,43,100.15309763966691,0.059286485134958045,97.0
468.39999999971093,1,78.0,1,97.5,97.5,97,98,0.949999999999136,0.045454545454545456,44,99.99544275134569,0.059671207923115185,97
468.58749999971076,1,116.0,1,96.5,96.66666666666667,96,97,0.18749999999982947,0.023255813953488372,43,99.84567060805847,0.06006535217073469,97
468.91249999971046,1,108.0,1,96.5,96.66666666666667,96,97,0.3249999999997044,0.047619047619047616,42,99.70338707249331,0.0604647001422049,97
470.58749999970894,1,114.0,4.0,99.0,99.0,97,101.0,1.6749999999984766,0.07317073170731707,41,99.76821772110318,0.060160718541534604,101.0
470.9499999997086,1,126.0,2,98.0,98.0,97,99,0.3624999999996703,0.05,40,99.7298068337903,0.06020051457991312,99
475.2749999997047,1,147.0,1.0,100.5,100.5,100,101.0,4.324999999996066,-0.024390243902439025,41,99.79331649407635,0.0599048472465541,101.0
477.93749999970225,1,134.0,1.0,104.5,104.5,104,105.0,2.6624999999975785,0.05,40,100.05365067706579,0.05908542716597749,105.0
477.96249999970223,1,144.0,5.0,103.5,103.5,101,106.0,0.024999999999977263,0.07692307692307693,39,100.35096815155933,0.058305973980536434,106.0
479.4374999997009,1,91.0,9.0,106.5,106.5,102,111.0,1.4749999999986585,0.05,40,100.43341974618036,0.05803658770741457,102
481.14999999969933,1,137.0,9.0,106.5,106.5,102,111.0,1.7124999999984425,0.07317073170731707,41,100.96174877225748,0.05726336536192946,111.0
484.76249999969605,1,70.0,1,102.5,102.33333333333333,102,103,3.6124999999967145,0.0,42,101.01366133489411,0.05711301192144827,102
486.09999999969483,1,62.0,1,102.5,102.33333333333333,102,103,1.3374999999987836,0.0,42,101.06297826927712,0.056970495601221985,102
486.5499999996944,1,132.0,7.0,99.5,98.33333333333333,96.0,103,0.4499999999995907,-0.024390243902439025,41,101.15982935791715,0.056787493222097696,103
487.38749999969366,1,52.0,7.0,99.5,99.5,96.0,103.0,0.8374999999992383,-0.02564102564102564,39,100.90183788469714,0.057092445159633576,96.0
488.27499999969285,1,108.0,10.0,98.0,98.0,93.0,103.0,0.8874999999991928,-0.02857142857142857,35,101.00674599251901,0.05687556321445356,103.0
491.1624999996902,1,85.0,1.0,95.5,95.5,95.0,96.0,2.887499999997374,-0.12195121951219512,41,100.70640868729933,0.05734047599620722,95.0
491.34999999969006,1,93.0,2.0,97.0,97.0,96,98.0,0.18749999999982947,-0.1,40,100.47108824877073,0.057773920923279626,96
492.2999999996892,1,147.0,1.0,95.5,95.5,95.0,96.0,0.949999999999136,-0.1282051282051282,39,100.2475338325745,0.058260464333770544,96.0
494.1374999996875,1,75.0,1.0,96.5,96.5,96.0,97,1.8374999999983288,-0.1282051282051282,39,100.03515713755448,0.05878852038900684,96.0
494.76249999968695,1,144.0,4.0,95.0,95.0,93.0,97,0.6249999999994316,-0.15789473684210525,38,99.88339927837458,0.05917569885617477,97
499.6499999996825,1,106.0,1,95.5,95.33333333333333,95,96,4.887499999995555,-0.09090909090909091,44,99.68922931165756,0.05975264800501794,96
500.5374999996817,1,126.0,2,95.0,95.33333333333333,94,96,0.8874999999991928,-0.12195121951219512,41,99.50476784354925,0.06034633759213517,96
503.0624999996794,1,98.0,1,95.5,95.75,95,96,2.5249999999977035,-0.022222222222222223,45,99.32952944909256,0.0609499705916852,96
503.9624999996786,1,114.0,1,96.5,96.5,96,97,0.8999999999991815,-0.06976744186046512,43,99.21305297519872,0.0613400571212165,97
505.63749999967706,1,129.0,5.0,98.5,99.33333333333333,96,101.0,1.6749999999984766,-0.022222222222222223,45,99.30240032748756,0.06090383479955248,101.0
505.8999999996768,1,67.0,7.0,99.5,100.66666666666667,96,103.0,0.26249999999976126,-0.023255813953488372,43,99.13728030927189,0.06151060671749872,96
506.84999999967596,1,142.0,7.0,99.5,99.5,96.0,103.0,0.949999999999136,-0.024390243902439025,41,99.33041629585435,0.06068157537378417,103.0
506.97499999967584,1,50.0,10.0,101.0,101.0,96.0,106.0,0.12499999999988631,-0.024390243902439025,41,99.16389547938576,0.061286196301678676,96.0
507.4374999996754,1,132.0,11.0,100.5,102.33333333333333,95,106.0,0.46249999999957936,0.0,42,99.5057007086844,0.05998713498681176,106.0
508.59999999967437,1,111.0,15.0,102.5,105.0,95,110.0,1.1624999999989427,0.0,40,100.03041567801608,0.058480553193490485,110.0
512.0999999996716,1,75.0,8.0,107.0,107.0,103,111.0,3.4999999999972147,0.045454545454545456,44,100.17889489539648,0.058026915837401806,103
512.499999999673,1,50.0,9.0,106.5,106.5,102,111.0,0.4000000000014552,0.023255813953488372,43,100.26995015137304,0.05773147781014401,102
513.9624999996784,1,88.0,4.0,104.0,104.66666666666667,102,106.0,1.4625000000053205,-0.06976744186046512,43,100.35645264447805,0.05745982456777274,102
516.7249999996884,1,114.0,2.0,105.0,105.0,104,106.0,2.76250000001005,-0.06976744186046512,43,100.63863001434169,0.056889772363982405,106.0
518.2999999996941,1,147.0,1.0,107.5,107.5,107,108.0,1.5750000000057298,-0.022222222222222223,45,101.00669851621143,0.056398612340242675,108.0
520.1624999997009,1,116.0,1.0,110.5,110.5,110,111.0,1.8625000000067757,0.0,44,101.50636359373699,0.05617889656628088,111.0
521.9749999997075,1,101.0,4,112.0,112.0,110,114,1.8125000000065938,0.045454545454545456,44,101.93104541674383,0.05627173233170072,110
522.4249999997091,1,142.0,4,112.0,112.0,110,114,0.4500000000016371,0.09090909090909091,44,102.53449314954287,0.05701284591048245,114
522.5124999997095,1,126.0,6,113.0,113.0,110,116,0.08750000000031832,0.11627906976744186,43,103.20776849591988,0.05850315660467191,116
524.3874999997163,1,78.0,4,119.0,119.0,117,121,1.8750000000068212,0.14285714285714285,42,103.89738007487412,0.06063362662317626,117
524.9374999997183,1,73.0,8,116.0,117.33333333333333,112,120,0.5500000000020009,0.12195121951219512,41,104.30251107322347,0.062007963291461014,112
525.962499999722,1,129.0,3,114.5,114.5,113,116,1.025000000003729,0.07317073170731707,41,104.88738552243287,0.06438980238260524,116
526.2999999997232,1,55.0,3,115.5,115.5,114,117,0.3375000000012278,0.07317073170731707,41,105.34301624843562,0.06638466572058219,114
526.3124999997233,1,137.0,11.0,111.5,111.5,106.0,117,0.012500000000045475,0.07692307692307693,39,105.92586543859558,0.06923032066458795,117
526.5749999997242,1,103.0,15.0,113.5,113.5,106.0,121,0.26250000000095497,0.10526315789473684,38,105.92957216668138,0.06915615300416159,106.0
526.7249999997248,1,52.0,20,111.0,111.0,101,121,0.1500000000005457,0.1111111111111111,36,105.68309355736197,0.0679342861793424,101
531.6124999997426,1,144.0,21.0,107.5,107.5,97.0,118,4.887500000017781,0.08108108108108109,37,106.29893888183271,0.07107914426307918,118
532.7874999997468,1,67.0,2.0,112.0,112.0,111.0,113,1.1750000000042746,0.1,40,106.5339919385891,0.07222134555946977,111.0
534.5749999997533,1,119.0,3,108.5,108.5,107,110,1.7875000000065029,0.024390243902439025,41,106.70729234225362,0.07304978048418627,110
536.5624999997606,1,108.0,7.0,103.5,103.5,100.0,107,1.9875000000072305,-0.024390243902439025,41,106.7219277251886,0.07303109797851469,107
537.3374999997634,1,57.0,4.0,103.0,103.0,101.0,105,0.7750000000028194,-0.024390243902439025,41,106.43583133804418,0.07150249976704366,101.0
539.0624999997697,1,150.0,2.0,99.0,99.0,98.0,100,1.7250000000062755,-0.07317073170731707,41,106.11403977019638,0.06986967143799933,100
540.537499999775,1,134.0,1.0,98.5,98.5,98.0,99,1.475000000005366,-0.02702702702702703,37,105.75833778069354,0.06817297777952262,99
540.812499999776,1,139.0,1.0,99.5,99.5,99.0,100,0.27500000000100044,0.0,38,105.47042089089527,0.06684630273129158,100
541.1874999997774,1,121.0,1.0,99.5,99.5,99.0,100,0.37500000000136424,0.05263157894736842,38,105.1968998456614,0.06564749611413871,100
543.0624999997842,1,150.0,1,99.5,99.5,99,100,1.8750000000068212,0.024390243902439025,41,104.93705485275635,0.06456817914487942,100
543.7874999997869,1,108.0,4.0,100.0,100.0,98.0,102,0.7250000000026375,-0.024390243902439025,41,104.79020210978464,0.06394088959075331,102
545.3999999997927,1,116.0,1.0,100.5,100.5,100,101.0,1.6125000000058662,0.0,42,104.60069200388607,0.06319521608182326,101.0
546.4499999997965,1,111.0,3.0,99.5,99.5,98.0,101,1.0500000000038199,0.0,42,104.42065740332227,0.06251848478696591,101
548.4499999998038,1,129.0,2.0,99.0,99.33333333333333,98.0,100,2.000000000007276,-0.07317073170731707,41,104.19962453272525,0.06176353226782812,100
548.5249999998041,1,55.0,3.0,99.5,100.0,98.0,101,0.07500000000027285,-0.024390243902439025,41,103.8896433055149,0.060855645681049786,98.0
551.6499999998155,1,132.0,3,99.5,99.5,98,101,3.1250000000113687,-0.023255813953488372,43,103.74516113998494,0.06041480351599881,101
553.0874999998207,1,65.0,1.0,98.5,98.5,98,99.0,1.4375000000052296,-0.06976744186046512,43,103.45790308250554,0.05972657251962345,98
554.3249999998252,1,70.0,1.0,98.5,98.5,98,99.0,1.237500000004502,-0.07317073170731707,41,103.18500792794693,0.059170159761492584,98
556.0749999998316,1,62.0,1.0,99.5,99.66666666666667,99.0,100.0,1.7500000000063665,-0.1111111111111111,45,102.97575753123392,0.05878730220459796,99.0
558.3249999998397,1,75.0,3.0,98.5,98.5,97,100.0,2.2500000000081855,-0.08695652173913043,46,102.67696965424405,0.05840407315601498,97
559.1249999998427,1,98.0,1.0,97.5,97.5,97.0,98.0,0.8000000000029104,-0.06666666666666667,45,102.44312117121348,0.05816991020691004,98.0
560.3874999998473,1,50.0,1.0,96.5,96.5,96.0,97,1.262500000004593,-0.13043478260869565,46,102.12096511223612,0.0580351589415722,96.0
562.0499999998533,1,67.0,1.0,95.5,95.5,95.0,96,1.6625000000060481,-0.13043478260869565,46,101.76491685618684,0.05809296159336054,95.0
562.7374999998558,1,142.0,3.0,94.5,94.5,93.0,96,0.6875000000025011,-0.15555555555555556,45,101.47667101304108,0.058258078503326594,96
566.3499999998689,1,134.0,1.0,96.5,96.5,96.0,97,3.612500000013142,-0.1111111111111111,45,101.25283746214082,0.05845014448725966,97
566.7124999998703,1,101.0,1.0,97.5,97.33333333333333,97.0,98,0.36250000000131877,-0.1111111111111111,45,101.09019558886243,0.05861209359508898,98
567.0499999998715,1,144.0,4,96.0,96.0,94,98,0.3375000000012278,-0.06976744186046512,43,100.93568580926464,0.05880025692118499,98
567.5249999998732,1,126.0,9.0,98.5,98.5,94,103.0,0.47500000000172804,-0.09523809523809523,42,101.03890151889956,0.05857031412064464,103.0
568.9999999998786,1,114.0,7,97.5,97.5,94,101,1.475000000005366,-0.09523809523809523,42,101.03695644295284,0.058501101876460675,101
570.0749999998825,1,137.0,12.0,100.0,100.0,94,106.0,1.0750000000039108,-0.05,40,101.28510862101811,0.05814941088577042,106.0
575.2499999999013,1,137.0,2,101.0,101.33333333333333,100,102,5.1750000000188265,-0.045454545454545456,44,101.32085318999636,0.058040087304977346,102
576.9374999999075,1,134.0,1,102.5,102.5,102,103,1.687500000006139,-0.023255813953488372,43,101.40481053056156,0.05789116804062513,103
580.2249999999194,1,132.0,3.0,101.5,101.5,100,103.0,3.28750000001196,0.05,40,101.48457000409215,0.057756862030131084,103.0
586.4624999999421,1,50.0,4.0,109.0,109.0,107,111.0,6.237500000022692,0.08695652173913043,46,101.76034150408026,0.05758761855378093,107
586.8249999999434,1,75.0,5.0,108.5,108.5,106.0,111.0,0.36250000000131877,0.06666666666666667,45,101.97232442901698,0.0575138001565192,106.0
587.7749999999469,1,111.0,1.0,105.5,105.66666666666667,105,106.0,0.9500000000034561,-0.02127659574468085,47,102.17370820769321,0.05750453100766138,106.0
588.1249999999482,1,67.0,5.0,107.5,108.33333333333333,105,110.0,0.3500000000012733,0.0,46,102.3150227973932,0.057508678822853626,105
589.724999999954,1,80.0,1.0,104.5,104.66666666666667,104,105.0,1.6000000000058208,-0.02127659574468085,47,102.3992716575715,0.05749423720819235,104
590.6874999999575,1,126.0,2.0,104.0,104.0,103,105.0,0.9625000000035016,0.0,46,102.52930807476322,0.05753558530869852,105.0
591.9874999999622,1,144.0,5.0,108.5,108.5,106,111.0,1.3000000000047294,0.045454545454545456,44,102.95284267124268,0.05809385792772365,111.0
592.8624999999654,1,88.0,7,110.5,110.5,107,114,0.8750000000031832,0.023255813953488372,43,103.1552005377793,0.0583815603549069,107
593.4249999999674,1,114.0,4,108.0,108.0,106,110,0.5625000000020464,0.047619047619047616,42,103.497440511049,0.05907829900795576,110
596.337499999978,1,129.0,3,108.5,108.5,107,110,2.9125000000105956,0.06976744186046512,43,103.82256848563976,0.0598725586971947,110
596.8499999999799,1,91.0,6,110.0,110.0,107,113,0.5125000000018645,0.12195121951219512,41,103.98144006142427,0.060252656395650125,107
598.4874999999859,1,116.0,1,110.5,110.5,110,111,1.6375000000059572,0.09090909090909091,44,104.33236805849253,0.06132826961749764,111
598.9374999999875,1,83.0,6.0,111.0,111.0,108.0,114,0.4500000000016371,0.07317073170731707,41,104.51574965563717,0.06188825593213732,108.0
