sess0001, 000003, 70, None, AA, 0, 20, 0.000000, GVWY, 0, 20, 0.000000, SNPR, 0, 30, 0.000000, ZIP, 0, 10, 0.000000, 70, N, 
sess0001, 000005, 50, 71, AA, 0, 20, 0.000000, GVWY, 5, 20, 0.250000, SNPR, 0, 30, 0.000000, ZIP, 0, 10, 0.000000, 50, 71, 
sess0001, 000005, 50, 78, AA, 14, 20, 0.719444, GVWY, 72, 20, 3.630556, SNPR, 0, 30, 0.000000, ZIP, 0, 10, 0.000000, 50, 78, 
sess0001, 000009, 58, 78, AA, 23, 20, 1.156481, GVWY, 72, 20, 3.630556, SNPR, 0, 30, 0.000000, ZIP, 17, 10, 1.725926, 58, 78, 
sess0001, 000012, 61, 106, AA, 74, 20, 3.706481, GVWY, 72, 20, 3.630556, SNPR, 0, 30, 0.000000, ZIP, 17, 10, 1.725926, 61, 106, 
sess0001, 000014, 78, 114, AA, 110, 20, 5.506481, GVWY, 72, 20, 3.630556, SNPR, 0, 30, 0.000000, ZIP, 17, 10, 1.725926, 78, 114, 
sess0001, 000015, 83, 107, AA, 153, 20, 7.677963, GVWY, 72, 20, 3.630556, SNPR, 0, 30, 0.000000, ZIP, 50, 10, 5.082963, 83, 107, 
sess0001, 000017, 83, 101, AA, 171, 20, 8.583827, GVWY, 90, 20, 4.524691, SNPR, 0, 30, 0.000000, ZIP, 50, 10, 5.082963, 83, 101, 
sess0001, 000019, 93, 106, AA, 174, 20, 8.733827, GVWY, 90, 20, 4.524691, SNPR, 0, 30, 0.000000, ZIP, 55, 10, 5.582963, 93, 106, 
sess0001, 000019, 93, 114, AA, 177, 20, 8.896790, GVWY, 92, 20, 4.611728, SNPR, 0, 30, 0.000000, ZIP, 55, 10, 5.582963, 93, 114, 
sess0001, 000021, 98, 114, AA, 182, 20, 9.146790, GVWY, 92, 20, 4.611728, SNPR, 0, 30, 0.000000, ZIP, 81, 10, 8.182963, 98, 114, 
sess0001, 000024, 93, 111, AA, 182, 20, 9.146790, GVWY, 138, 20, 6.911728, SNPR, 0, 30, 0.000000, ZIP, 101, 10, 10.182963, 93, 111, 
sess0001, 000026, 93, 114, AA, 182, 20, 9.146790, GVWY, 148, 20, 7.411728, SNPR, 0, 30, 0.000000, ZIP, 101, 10, 10.182963, 93, 114, 
sess0001, 000030, 93, 114, AA, 182, 20, 9.146790, GVWY, 162, 20, 8.111728, SNPR, 0, 30, 0.000000, ZIP, 123, 10, 12.382963, 93, 114, 
sess0001, 000032, 106, 121, AA, 182, 20, 9.146790, GVWY, 180, 20, 9.011728, SNPR, 0, 30, 0.000000, ZIP, 123, 10, 12.382963, 106, 121, 
sess0001, 000036, 107, 120, AA, 183, 20, 9.189588, GVWY, 184, 20, 9.218930, SNPR, 0, 30, 0.000000, ZIP, 123, 10, 12.382963, 107, 120, 
sess0001, 000040, 106, 111, AA, 240, 20, 12.039588, GVWY, 184, 20, 9.218930, SNPR, 0, 30, 0.000000, ZIP, 142, 10, 14.282963, 106, 111, 
sess0001, 000041, 106, 120, AA, 271, 20, 13.589588, GVWY, 184, 20, 9.218930, SNPR, 0, 30, 0.000000, ZIP, 186, 10, 18.682963, 106, 120, 
sess0001, 000043, 97, 119, AA, 271, 20, 13.589588, GVWY, 210, 20, 10.518930, SNPR, 0, 30, 0.000000, ZIP, 186, 10, 18.682963, 97, 119, 
sess0001, 000046, 108, 119, AA, 307, 20, 15.389588, GVWY, 210, 20, 10.518930, SNPR, 0, 30, 0.000000, ZIP, 186, 10, 18.682963, 108, 119, 
sess0001, 000047, 100, 119, AA, 307, 20, 15.389588, GVWY, 253, 20, 12.668930, SNPR, 0, 30, 0.000000, ZIP, 186, 10, 18.682963, 100, 119, 
sess0001, 000050, 100, 106, AA, 318, 20, 15.922922, GVWY, 280, 20, 14.035597, SNPR, 0, 30, 0.000000, ZIP, 186, 10, 18.682963, 100, 106, 
sess0001, 000052, 97, 102, AA, 318, 20, 15.922922, GVWY, 320, 20, 16.035597, SNPR, 0, 30, 0.000000, ZIP, 187, 10, 18.782963, 97, 102, 
sess0001, 000053, 97, 111, AA, 322, 20, 16.133388, GVWY, 347, 20, 17.375130, SNPR, 0, 30, 0.000000, ZIP, 187, 10, 18.782963, 97, 111, 
sess0001, 000055, 97, 103, AA, 348, 20, 17.433388, GVWY, 347, 20, 17.375130, SNPR, 0, 30, 0.000000, ZIP, 202, 10, 20.282963, 97, 103, 
sess0001, 000060, 96, 103, AA, 353, 20, 17.683388, GVWY, 347, 20, 17.375130, SNPR, 0, 30, 0.000000, ZIP, 240, 10, 24.082963, 96, 103, 
sess0001, 000064, 97, 106, AA, 353, 20, 17.683388, GVWY, 365, 20, 18.275130, SNPR, 0, 30, 0.000000, ZIP, 291, 10, 29.182963, 97, 106, 
sess0001, 000065, 96, 106, AA, 353, 20, 17.683388, GVWY, 382, 20, 19.125130, SNPR, 0, 30, 0.000000, ZIP, 292, 10, 29.282963, 96, 106, 
sess0001, 000068, 93, 100, AA, 353, 20, 17.683388, GVWY, 400, 20, 20.025130, SNPR, 0, 30, 0.000000, ZIP, 292, 10, 29.282963, 93, 100, 
sess0001, 000068, 65, 100, AA, 353, 20, 17.683388, GVWY, 428, 20, 21.425130, SNPR, 0, 30, 0.000000, ZIP, 292, 10, 29.282963, 65, 100, 
sess0001, 000070, 82, 88, AA, 391, 20, 19.583388, GVWY, 428, 20, 21.425130, SNPR, 0, 30, 0.000000, ZIP, 292, 10, 29.282963, 82, 88, 
sess0001, 000070, 82, 90, AA, 391, 20, 19.583388, GVWY, 464, 20, 23.225130, SNPR, 0, 30, 0.000000, ZIP, 313, 10, 31.382963, 82, 90, 
sess0001, 000071, 82, 90, AA, 391, 20, 19.583388, GVWY, 483, 20, 24.175130, SNPR, 0, 30, 0.000000, ZIP, 348, 10, 34.882963, 82, 90, 
sess0001, 000074, 86, 98, AA, 391, 20, 19.583388, GVWY, 527, 20, 26.375130, SNPR, 0, 30, 0.000000, ZIP, 348, 10, 34.882963, 86, 98, 
sess0001, 000075, 86, 103, AA, 394, 20, 19.716722, GVWY, 536, 20, 26.841797, SNPR, 0, 30, 0.000000, ZIP, 348, 10, 34.882963, 86, 103, 
sess0001, 000077, 96, 103, AA, 419, 20, 20.995117, GVWY, 580, 20, 29.013402, SNPR, 0, 30, 0.000000, ZIP, 348, 10, 34.882963, 96, 103, 
sess0001, 000078, 100, 111, AA, 455, 20, 22.795117, GVWY, 580, 20, 29.013402, SNPR, 0, 30, 0.000000, ZIP, 348, 10, 34.882963, 100, 111, 
sess0001, 000081, 102, 111, AA, 468, 20, 23.445117, GVWY, 580, 20, 29.013402, SNPR, 0, 30, 0.000000, ZIP, 348, 10, 34.882963, 102, 111, 
sess0001, 000085, 105, 111, AA, 482, 20, 24.145117, GVWY, 580, 20, 29.013402, SNPR, 0, 30, 0.000000, ZIP, 367, 10, 36.782963, 105, 111, 
sess0001, 000090, 106, 111, AA, 483, 20, 24.174746, GVWY, 603, 20, 30.183772, SNPR, 0, 30, 0.000000, ZIP, 367, 10, 36.782963, 106, 111, 
sess0001, 000093, 106, 114, AA, 516, 20, 25.824746, GVWY, 603, 20, 30.183772, SNPR, 0, 30, 0.000000, ZIP, 367, 10, 36.782963, 106, 114, 
sess0001, 000095, 100, 114, AA, 516, 20, 25.824746, GVWY, 603, 20, 30.183772, SNPR, 0, 30, 0.000000, ZIP, 439, 10, 43.982963, 100, 114, 
sess0001, 000096, 96, 114, AA, 516, 20, 25.824746, GVWY, 639, 20, 31.983772, SNPR, 0, 30, 0.000000, ZIP, 439, 10, 43.982963, 96, 114, 
sess0001, 000098, 95, 114, AA, 521, 20, 26.091413, GVWY, 646, 20, 32.317106, SNPR, 0, 30, 0.000000, ZIP, 439, 10, 43.982963, 95, 114, 
sess0001, 000103, 98, 114, AA, 524, 20, 26.200055, GVWY, 665, 20, 33.258464, SNPR, 0, 30, 0.000000, ZIP, 439, 10, 43.982963, 98, 114, 
sess0001, 000104, 98, 121, AA, 554, 20, 27.700055, GVWY, 665, 20, 33.258464, SNPR, 0, 30, 0.000000, ZIP, 439, 10, 43.982963, 98, 121, 
sess0001, 000106, 98, 119, AA, 554, 20, 27.700055, GVWY, 707, 20, 35.358464, SNPR, 0, 30, 0.000000, ZIP, 471, 10, 47.182963, 98, 119, 
sess0001, 000109, 100, 106, AA, 577, 20, 28.850055, GVWY, 707, 20, 35.358464, SNPR, 0, 30, 0.000000, ZIP, 471, 10, 47.182963, 100, 106, 
sess0001, 000110, 103, 117, AA, 600, 20, 30.000055, GVWY, 707, 20, 35.358464, SNPR, 0, 30, 0.000000, ZIP, 471, 10, 47.182963, 103, 117, 
sess0001, 000115, 104, 116, AA, 600, 20, 30.000055, GVWY, 714, 20, 35.708464, SNPR, 0, 30, 0.000000, ZIP, 471, 10, 47.182963, 104, 116, 
sess0001, 000116, 100, 116, AA, 654, 20, 32.700055, GVWY, 714, 20, 35.708464, SNPR, 0, 30, 0.000000, ZIP, 493, 10, 49.382963, 100, 116, 
sess0001, 000119, 106, 107, AA, 689, 20, 34.450055, GVWY, 714, 20, 35.708464, SNPR, 0, 30, 0.000000, ZIP, 512, 10, 51.282963, 106, 107, 
sess0001, 000120, 100, 107, AA, 689, 20, 34.450055, GVWY, 740, 20, 37.008464, SNPR, 0, 30, 0.000000, ZIP, 512, 10, 51.282963, 100, 107, 
sess0001, 000120, 97, 107, AA, 689, 20, 34.450055, GVWY, 762, 20, 38.108464, SNPR, 0, 30, 0.000000, ZIP, 513, 10, 51.382963, 97, 107, 
sess0001, 000124, 97, 107, AA, 689, 20, 34.450055, GVWY, 764, 20, 38.208464, SNPR, 0, 30, 0.000000, ZIP, 513, 10, 51.382963, 97, 107, 
sess0001, 000125, 97, 106, AA, 689, 20, 34.450055, GVWY, 800, 20, 40.008464, SNPR, 0, 30, 0.000000, ZIP, 538, 10, 53.882963, 97, 106, 
sess0001, 000129, 96, 106, AA, 689, 20, 34.450055, GVWY, 837, 20, 41.858464, SNPR, 0, 30, 0.000000, ZIP, 539, 10, 53.982963, 96, 106, 
sess0001, 000133, 93, 100, AA, 689, 20, 34.450055, GVWY, 853, 20, 42.658464, SNPR, 0, 30, 0.000000, ZIP, 539, 10, 53.982963, 93, 100, 
sess0001, 000140, 70, 96, AA, 732, 20, 36.600055, GVWY, 853, 20, 42.658464, SNPR, 0, 30, 0.000000, ZIP, 539, 10, 53.982963, 70, 96, 
sess0001, 000141, 82, 96, AA, 732, 20, 36.600055, GVWY, 865, 20, 43.258464, SNPR, 0, 30, 0.000000, ZIP, 581, 10, 58.182963, 82, 96, 
sess0001, 000142, 83, 111, AA, 732, 20, 36.608726, GVWY, 900, 20, 45.049793, SNPR, 0, 30, 0.000000, ZIP, 581, 10, 58.182963, 83, 111, 
sess0001, 000143, 94, 114, AA, 732, 20, 36.608726, GVWY, 913, 20, 45.699793, SNPR, 0, 30, 0.000000, ZIP, 581, 10, 58.182963, 94, 114, 
sess0001, 000143, 83, 114, AA, 732, 20, 36.608726, GVWY, 929, 20, 46.499793, SNPR, 0, 30, 0.000000, ZIP, 626, 10, 62.682963, 83, 114, 
sess0001, 000146, 109, 114, AA, 733, 20, 36.697615, GVWY, 941, 20, 47.060904, SNPR, 0, 30, 0.000000, ZIP, 626, 10, 62.682963, 109, 114, 
sess0001, 000147, 113, 121, AA, 763, 20, 38.197615, GVWY, 941, 20, 47.060904, SNPR, 0, 30, 0.000000, ZIP, 626, 10, 62.682963, 113, 121, 
sess0001, 000148, 113, 121, AA, 789, 20, 39.497615, GVWY, 941, 20, 47.060904, SNPR, 0, 30, 0.000000, ZIP, 626, 10, 62.682963, 113, 121, 
sess0001, 000148, 100, 119, AA, 791, 20, 39.599872, GVWY, 941, 20, 47.060904, SNPR, 0, 30, 0.000000, ZIP, 652, 10, 65.278448, 100, 119, 
sess0001, 000150, 96, 106, AA, 798, 20, 39.949872, GVWY, 941, 20, 47.060904, SNPR, 0, 30, 0.000000, ZIP, 653, 10, 65.378448, 96, 106, 
sess0001, 000153, 96, 105, AA, 824, 20, 41.249872, GVWY, 941, 20, 47.060904, SNPR, 0, 30, 0.000000, ZIP, 653, 10, 65.378448, 96, 105, 
sess0001, 000157, 70, 103, AA, 824, 20, 41.249872, GVWY, 977, 20, 48.860904, SNPR, 0, 30, 0.000000, ZIP, 653, 10, 65.378448, 70, 103, 
sess0001, 000157, 70, 119, AA, 824, 20, 41.249872, GVWY, 995, 20, 49.760904, SNPR, 0, 30, 0.000000, ZIP, 689, 10, 68.978448, 70, 119, 
sess0001, 000159, 114, 121, AA, 849, 20, 42.499872, GVWY, 995, 20, 49.760904, SNPR, 0, 30, 0.000000, ZIP, 689, 10, 68.978448, 114, 121, 
sess0001, 000160, 106, 116, AA, 849, 20, 42.499872, GVWY, 995, 20, 49.760904, SNPR, 0, 30, 0.000000, ZIP, 763, 10, 76.378448, 106, 116, 
sess0001, 000161, 76, 116, AA, 849, 20, 42.499872, GVWY, 1021, 20, 51.060904, SNPR, 0, 30, 0.000000, ZIP, 763, 10, 76.378448, 76, 116, 
sess0001, 000161, 99, 121, AA, 855, 20, 42.791539, GVWY, 1031, 20, 51.569237, SNPR, 0, 30, 0.000000, ZIP, 763, 10, 76.378448, 99, 121, 
sess0001, 000167, 99, 114, AA, 868, 20, 43.441539, GVWY, 1031, 20, 51.569237, SNPR, 0, 30, 0.000000, ZIP, 763, 10, 76.378448, 99, 114, 
sess0001, 000169, 99, 121, AA, 868, 20, 43.441539, GVWY, 1049, 20, 52.469237, SNPR, 0, 30, 0.000000, ZIP, 763, 10, 76.378448, 99, 121, 
sess0001, 000172, 95, 102, AA, 868, 20, 43.441539, GVWY, 1084, 20, 54.219237, SNPR, 0, 30, 0.000000, ZIP, 764, 10, 76.478448, 95, 102, 
sess0001, 000174, 72, 106, AA, 913, 20, 45.691539, GVWY, 1084, 20, 54.219237, SNPR, 0, 30, 0.000000, ZIP, 767, 10, 76.778448, 72, 106, 
sess0001, 000175, 84, 106, AA, 913, 20, 45.691539, GVWY, 1084, 20, 54.219237, SNPR, 0, 30, 0.000000, ZIP, 839, 10, 83.978448, 84, 106, 
sess0001, 000176, 84, 106, AA, 962, 20, 48.123209, GVWY, 1099, 20, 54.987567, SNPR, 0, 30, 0.000000, ZIP, 839, 10, 83.978448, 84, 106, 
sess0001, 000178, 85, 97, AA, 965, 20, 48.256542, GVWY, 1112, 20, 55.604234, SNPR, 0, 30, 0.000000, ZIP, 839, 10, 83.978448, 85, 97, 
sess0001, 000178, 86, 100, AA, 965, 20, 48.256542, GVWY, 1112, 20, 55.604234, SNPR, 0, 30, 0.000000, ZIP, 847, 10, 84.778448, 86, 100, 
sess0001, 000182, 93, 106, AA, 998, 20, 49.906542, GVWY, 1112, 20, 55.604234, SNPR, 0, 30, 0.000000, ZIP, 847, 10, 84.778448, 93, 106, 
sess0001, 000183, 87, 106, AA, 998, 20, 49.906542, GVWY, 1127, 20, 56.354234, SNPR, 0, 30, 0.000000, ZIP, 847, 10, 84.778448, 87, 106, 
sess0001, 000184, 87, 111, AA, 998, 20, 49.906542, GVWY, 1127, 20, 56.354234, SNPR, 0, 30, 0.000000, ZIP, 847, 10, 84.778448, 87, 111, 
sess0001, 000188, 93, 99, AA, 1045, 20, 52.273209, GVWY, 1163, 20, 58.187567, SNPR, 0, 30, 0.000000, ZIP, 847, 10, 84.778448, 93, 99, 
sess0001, 000190, 93, 111, AA, 1045, 20, 52.273209, GVWY, 1188, 20, 59.437567, SNPR, 0, 30, 0.000000, ZIP, 858, 10, 85.878448, 93, 111, 
sess0001, 000192, 93, 101, AA, 1091, 20, 54.573209, GVWY, 1188, 20, 59.437567, SNPR, 0, 30, 0.000000, ZIP, 901, 10, 90.178448, 93, 101, 
sess0001, 000194, 93, 108, AA, 1137, 20, 56.873209, GVWY, 1188, 20, 59.437567, SNPR, 0, 30, 0.000000, ZIP, 901, 10, 90.178448, 93, 108, 
sess0001, 000194, 93, 111, AA, 1142, 20, 57.123209, GVWY, 1188, 20, 59.437567, SNPR, 0, 30, 0.000000, ZIP, 901, 10, 90.178448, 93, 111, 
sess0001, 000196, 93, 111, AA, 1142, 20, 57.123209, GVWY, 1204, 20, 60.237567, SNPR, 0, 30, 0.000000, ZIP, 903, 10, 90.378448, 93, 111, 
sess0001, 000197, 101, 111, AA, 1165, 20, 58.273209, GVWY, 1204, 20, 60.237567, SNPR, 0, 30, 0.000000, ZIP, 903, 10, 90.378448, 101, 111, 
sess0001, 000198, 93, 111, AA, 1165, 20, 58.273209, GVWY, 1204, 20, 60.237567, SNPR, 0, 30, 0.000000, ZIP, 977, 10, 97.778448, 93, 111, 
sess0001, 000199, 93, 114, AA, 1165, 20, 58.273209, GVWY, 1214, 20, 60.737567, SNPR, 0, 30, 0.000000, ZIP, 977, 10, 97.778448, 93, 114, 
sess0001, 000205, 93, 110, AA, 1165, 20, 58.273209, GVWY, 1245, 20, 62.287567, SNPR, 0, 30, 0.000000, ZIP, 977, 10, 97.778448, 93, 110, 
sess0001, 000206, 98, 114, AA, 1168, 20, 58.406542, GVWY, 1267, 20, 63.354234, SNPR, 0, 30, 0.000000, ZIP, 977, 10, 97.778448, 98, 114, 
sess0001, 000209, 99, 111, AA, 1191, 20, 59.556542, GVWY, 1267, 20, 63.354234, SNPR, 0, 30, 0.000000, ZIP, 977, 10, 97.778448, 99, 111, 
sess0001, 000210, 100, 114, AA, 1191, 20, 59.556542, GVWY, 1288, 20, 64.404234, SNPR, 0, 30, 0.000000, ZIP, 977, 10, 97.778448, 100, 114, 
sess0001, 000214, 100, 114, AA, 1226, 20, 61.306542, GVWY, 1288, 20, 64.404234, SNPR, 0, 30, 0.000000, ZIP, 1019, 10, 101.978448, 100, 114, 
sess0001, 000218, 100, 109, AA, 1226, 20, 61.306542, GVWY, 1326, 20, 66.304234, SNPR, 0, 30, 0.000000, ZIP, 1055, 10, 105.578448, 100, 109, 
sess0001, 000220, 96, 109, AA, 1226, 20, 61.306542, GVWY, 1348, 20, 67.404234, SNPR, 0, 30, 0.000000, ZIP, 1056, 10, 105.678448, 96, 109, 
sess0001, 000220, 93, 101, AA, 1272, 20, 63.606542, GVWY, 1348, 20, 67.404234, SNPR, 0, 30, 0.000000, ZIP, 1056, 10, 105.678448, 93, 101, 
sess0001, 000221, 93, 97, AA, 1272, 20, 63.606542, GVWY, 1357, 20, 67.854234, SNPR, 0, 30, 0.000000, ZIP, 1086, 10, 108.678448, 93, 97, 
sess0001, 000221, 87, 96, AA, 1272, 20, 63.606542, GVWY, 1390, 20, 69.504234, SNPR, 0, 30, 0.000000, ZIP, 1086, 10, 108.678448, 87, 96, 
sess0001, 000222, 91, 96, AA, 1274, 20, 63.731234, GVWY, 1402, 20, 70.129542, SNPR, 0, 30, 0.000000, ZIP, 1086, 10, 108.678448, 91, 96, 
sess0001, 000222, 87, 96, AA, 1296, 20, 64.831234, GVWY, 1402, 20, 70.129542, SNPR, 0, 30, 0.000000, ZIP, 1128, 10, 112.878448, 87, 96, 
sess0001, 000223, 87, 111, AA, 1297, 20, 64.855925, GVWY, 1427, 20, 71.354851, SNPR, 0, 30, 0.000000, ZIP, 1128, 10, 112.878448, 87, 111, 
sess0001, 000230, 97, 111, AA, 1336, 20, 66.805925, GVWY, 1427, 20, 71.354851, SNPR, 0, 30, 0.000000, ZIP, 1128, 10, 112.878448, 97, 111, 
sess0001, 000231, 93, 111, AA, 1336, 20, 66.805925, GVWY, 1444, 20, 72.204851, SNPR, 0, 30, 0.000000, ZIP, 1129, 10, 112.978448, 93, 111, 
sess0001, 000234, 97, 106, AA, 1336, 20, 66.805925, GVWY, 1469, 20, 73.454851, SNPR, 0, 30, 0.000000, ZIP, 1140, 10, 114.078448, 97, 106, 
sess0001, 000234, 100, 111, AA, 1359, 20, 67.955925, GVWY, 1469, 20, 73.454851, SNPR, 0, 30, 0.000000, ZIP, 1140, 10, 114.078448, 100, 111, 
sess0001, 000243, 104, 111, AA, 1395, 20, 69.755925, GVWY, 1469, 20, 73.454851, SNPR, 0, 30, 0.000000, ZIP, 1140, 10, 114.078448, 104, 111, 
sess0001, 000243, 104, 114, AA, 1395, 20, 69.755925, GVWY, 1479, 20, 73.954851, SNPR, 0, 30, 0.000000, ZIP, 1140, 10, 114.078448, 104, 114, 
sess0001, 000243, 70, 114, AA, 1395, 20, 69.755925, GVWY, 1503, 20, 75.154851, SNPR, 0, 30, 0.000000, ZIP, 1162, 10, 116.278448, 70, 114, 
sess0001, 000249, 93, 107, AA, 1395, 20, 69.755925, GVWY, 1543, 20, 77.154851, SNPR, 0, 30, 0.000000, ZIP, 1163, 10, 116.378448, 93, 107, 
sess0001, 000254, 76, 97, AA, 1438, 20, 71.905925, GVWY, 1543, 20, 77.154851, SNPR, 0, 30, 0.000000, ZIP, 1163, 10, 116.378448, 76, 97, 
sess0001, 000257, 90, 96, AA, 1438, 20, 71.905925, GVWY, 1580, 20, 79.004851, SNPR, 0, 30, 0.000000, ZIP, 1170, 10, 117.078448, 90, 96, 
sess0001, 000258, 94, 96, AA, 1483, 20, 74.180092, GVWY, 1580, 20, 79.004851, SNPR, 0, 30, 0.000000, ZIP, 1215, 10, 121.530115, 94, 96, 
sess0001, 000259, 86, 96, AA, 1483, 20, 74.180092, GVWY, 1580, 20, 79.004851, SNPR, 0, 30, 0.000000, ZIP, 1274, 10, 127.430115, 86, 96, 
sess0001, 000261, 86, 111, AA, 1516, 20, 75.830092, GVWY, 1580, 20, 79.004851, SNPR, 0, 30, 0.000000, ZIP, 1274, 10, 127.430115, 86, 111, 
sess0001, 000263, 98, 111, AA, 1529, 20, 76.480092, GVWY, 1580, 20, 79.004851, SNPR, 0, 30, 0.000000, ZIP, 1274, 10, 127.430115, 98, 111, 
sess0001, 000264, 98, 111, AA, 1534, 20, 76.748518, GVWY, 1587, 20, 79.386425, SNPR, 0, 30, 0.000000, ZIP, 1274, 10, 127.430115, 98, 111, 
sess0001, 000265, 86, 111, AA, 1534, 20, 76.748518, GVWY, 1613, 20, 80.686425, SNPR, 0, 30, 0.000000, ZIP, 1309, 10, 130.930115, 86, 111, 
sess0001, 000267, 97, 114, AA, 1534, 20, 76.748518, GVWY, 1626, 20, 81.336425, SNPR, 0, 30, 0.000000, ZIP, 1309, 10, 130.930115, 97, 114, 
sess0001, 000269, 97, 114, AA, 1534, 20, 76.748518, GVWY, 1669, 20, 83.486425, SNPR, 0, 30, 0.000000, ZIP, 1309, 10, 130.930115, 97, 114, 
sess0001, 000275, 97, 104, AA, 1613, 20, 80.698518, GVWY, 1669, 20, 83.486425, SNPR, 0, 30, 0.000000, ZIP, 1309, 10, 130.930115, 97, 104, 
sess0001, 000275, 97, 106, AA, 1613, 20, 80.698518, GVWY, 1686, 20, 84.336425, SNPR, 0, 30, 0.000000, ZIP, 1346, 10, 134.630115, 97, 106, 
sess0001, 000277, 97, 106, AA, 1613, 20, 80.698518, GVWY, 1708, 20, 85.436425, SNPR, 0, 30, 0.000000, ZIP, 1383, 10, 138.330115, 97, 106, 
sess0001, 000279, 97, 111, AA, 1649, 20, 82.498518, GVWY, 1708, 20, 85.436425, SNPR, 0, 30, 0.000000, ZIP, 1383, 10, 138.330115, 97, 111, 
sess0001, 000279, 97, 114, AA, 1649, 20, 82.498518, GVWY, 1729, 20, 86.486425, SNPR, 0, 30, 0.000000, ZIP, 1383, 10, 138.330115, 97, 114, 
sess0001, 000283, 108, 114, AA, 1650, 20, 82.538024, GVWY, 1744, 20, 87.246919, SNPR, 0, 30, 0.000000, ZIP, 1383, 10, 138.330115, 108, 114, 
sess0001, 000287, 112, 121, AA, 1680, 20, 84.038024, GVWY, 1744, 20, 87.246919, SNPR, 0, 30, 0.000000, ZIP, 1383, 10, 138.330115, 112, 121, 
sess0001, 000287, 108, 121, AA, 1682, 20, 84.117036, GVWY, 1794, 20, 89.717907, SNPR, 0, 30, 0.000000, ZIP, 1383, 10, 138.330115, 108, 121, 
sess0001, 000289, 100, 110, AA, 1687, 20, 84.367036, GVWY, 1794, 20, 89.717907, SNPR, 0, 30, 0.000000, ZIP, 1383, 10, 138.330115, 100, 110, 
sess0001, 000291, 97, 104, AA, 1687, 20, 84.367036, GVWY, 1816, 20, 90.817907, SNPR, 0, 30, 0.000000, ZIP, 1384, 10, 138.430115, 97, 104, 
sess0001, 000292, 96, 106, AA, 1691, 20, 84.567036, GVWY, 1816, 20, 90.817907, SNPR, 0, 30, 0.000000, ZIP, 1385, 10, 138.530115, 96, 106, 
sess0001, 000297, 96, 99, AA, 1692, 20, 84.641110, GVWY, 1816, 20, 90.817907, SNPR, 0, 30, 0.000000, ZIP, 1413, 10, 141.381967, 96, 99, 
sess0001, 000297, 93, 99, AA, 1692, 20, 84.641110, GVWY, 1852, 20, 92.617907, SNPR, 0, 30, 0.000000, ZIP, 1413, 10, 141.381967, 93, 99, 
sess0001, 000299, 95, 114, AA, 1692, 20, 84.641110, GVWY, 1859, 20, 92.967907, SNPR, 0, 30, 0.000000, ZIP, 1460, 10, 146.081967, 95, 114, 
sess0001, 000303, 96, 98, AA, 1693, 20, 84.674443, GVWY, 1859, 20, 92.967907, SNPR, 0, 30, 0.000000, ZIP, 1503, 10, 150.315300, 96, 98, 
sess0001, 000304, 94, 98, AA, 1693, 20, 84.674443, GVWY, 1859, 20, 92.967907, SNPR, 0, 30, 0.000000, ZIP, 1541, 10, 154.115300, 94, 98, 
sess0001, 000304, 93, 96, AA, 1693, 20, 84.674443, GVWY, 1873, 20, 93.667907, SNPR, 0, 30, 0.000000, ZIP, 1545, 10, 154.515300, 93, 96, 
sess0001, 000305, 93, 106, AA, 1693, 20, 84.674443, GVWY, 1885, 20, 94.267907, SNPR, 0, 30, 0.000000, ZIP, 1574, 10, 157.415300, 93, 106, 
sess0001, 000306, 93, 114, AA, 1693, 20, 84.674443, GVWY, 1903, 20, 95.167907, SNPR, 0, 30, 0.000000, ZIP, 1574, 10, 157.415300, 93, 114, 
sess0001, 000306, 70, 111, AA, 1693, 20, 84.674443, GVWY, 1936, 20, 96.817907, SNPR, 0, 30, 0.000000, ZIP, 1574, 10, 157.415300, 70, 111, 
sess0001, 000309, 90, 99, AA, 1736, 20, 86.826285, GVWY, 1936, 20, 96.817907, SNPR, 0, 30, 0.000000, ZIP, 1582, 10, 158.211617, 90, 99, 
sess0001, 000309, 90, 111, AA, 1736, 20, 86.826285, GVWY, 1969, 20, 98.467907, SNPR, 0, 30, 0.000000, ZIP, 1593, 10, 159.311617, 90, 111, 
sess0001, 000311, 106, 111, AA, 1744, 20, 87.226285, GVWY, 1969, 20, 98.467907, SNPR, 0, 30, 0.000000, ZIP, 1593, 10, 159.311617, 106, 111, 
sess0001, 000315, 93, 108, AA, 1757, 20, 87.876285, GVWY, 1969, 20, 98.467907, SNPR, 0, 30, 0.000000, ZIP, 1593, 10, 159.311617, 93, 108, 
sess0001, 000316, 93, 111, AA, 1762, 20, 88.142952, GVWY, 1982, 20, 99.101240, SNPR, 0, 30, 0.000000, ZIP, 1593, 10, 159.311617, 93, 111, 
sess0001, 000319, 96, 114, AA, 1795, 20, 89.792952, GVWY, 1982, 20, 99.101240, SNPR, 0, 30, 0.000000, ZIP, 1593, 10, 159.311617, 96, 114, 
sess0001, 000325, 93, 104, AA, 1795, 20, 89.792952, GVWY, 2000, 20, 100.001240, SNPR, 0, 30, 0.000000, ZIP, 1593, 10, 159.311617, 93, 104, 
sess0001, 000330, 86, 104, AA, 1795, 20, 89.792952, GVWY, 2028, 20, 101.401240, SNPR, 0, 30, 0.000000, ZIP, 1593, 10, 159.311617, 86, 104, 
sess0001, 000331, 99, 104, AA, 1834, 20, 91.742952, GVWY, 2028, 20, 101.401240, SNPR, 0, 30, 0.000000, ZIP, 1593, 10, 159.311617, 99, 104, 
sess0001, 000332, 87, 114, AA, 1860, 20, 93.042952, GVWY, 2028, 20, 101.401240, SNPR, 0, 30, 0.000000, ZIP, 1644, 10, 164.411617, 87, 114, 
sess0001, 000333, 87, 114, AA, 1860, 20, 93.042952, GVWY, 2047, 20, 102.351240, SNPR, 0, 30, 0.000000, ZIP, 1645, 10, 164.511617, 87, 114, 
sess0001, 000334, 87, 116, AA, 1860, 20, 93.042952, GVWY, 2065, 20, 103.251240, SNPR, 0, 30, 0.000000, ZIP, 1645, 10, 164.511617, 87, 116, 
sess0001, 000336, 87, 111, AA, 1860, 20, 93.042952, GVWY, 2082, 20, 104.101240, SNPR, 0, 30, 0.000000, ZIP, 1674, 10, 167.411617, 87, 111, 
sess0001, 000340, 87, 116, AA, 1891, 20, 94.592952, GVWY, 2082, 20, 104.101240, SNPR, 0, 30, 0.000000, ZIP, 1674, 10, 167.411617, 87, 116, 
sess0001, 000341, 87, 121, AA, 1892, 20, 94.614900, GVWY, 2089, 20, 104.479292, SNPR, 0, 30, 0.000000, ZIP, 1674, 10, 167.411617, 87, 121, 
sess0001, 000345, 106, 119, AA, 1904, 20, 95.214900, GVWY, 2089, 20, 104.479292, SNPR, 0, 30, 0.000000, ZIP, 1674, 10, 167.411617, 106, 119, 
sess0001, 000347, 106, 119, AA, 1920, 20, 96.047828, GVWY, 2089, 20, 104.479292, SNPR, 0, 30, 0.000000, ZIP, 1734, 10, 173.445759, 106, 119, 
sess0001, 000350, 106, 119, AA, 1951, 20, 97.597828, GVWY, 2089, 20, 104.479292, SNPR, 0, 30, 0.000000, ZIP, 1759, 10, 175.945759, 106, 119, 
sess0001, 000351, 106, 119, AA, 1971, 20, 98.592337, GVWY, 2097, 20, 104.884783, SNPR, 0, 30, 0.000000, ZIP, 1759, 10, 175.945759, 106, 119, 
sess0001, 000353, 106, 119, AA, 2037, 20, 101.892337, GVWY, 2097, 20, 104.884783, SNPR, 0, 30, 0.000000, ZIP, 1759, 10, 175.945759, 106, 119, 
sess0001, 000355, 106, 119, AA, 2037, 20, 101.892337, GVWY, 2148, 20, 107.434783, SNPR, 0, 30, 0.000000, ZIP, 1787, 10, 178.745759, 106, 119, 
sess0001, 000356, 96, 119, AA, 2037, 20, 101.892337, GVWY, 2148, 20, 107.434783, SNPR, 0, 30, 0.000000, ZIP, 1787, 10, 178.745759, 96, 119, 
sess0001, 000358, 93, 119, AA, 2037, 20, 101.892337, GVWY, 2179, 20, 108.984783, SNPR, 0, 30, 0.000000, ZIP, 1787, 10, 178.745759, 93, 119, 
sess0001, 000363, 99, 105, AA, 2074, 20, 103.742337, GVWY, 2179, 20, 108.984783, SNPR, 0, 30, 0.000000, ZIP, 1825, 10, 182.545759, 99, 105, 
sess0001, 000367, 103, 111, AA, 2074, 20, 103.747540, GVWY, 2184, 20, 109.229580, SNPR, 0, 30, 0.000000, ZIP, 1825, 10, 182.545759, 103, 111, 
sess0001, 000369, 99, 111, AA, 2084, 20, 104.247540, GVWY, 2184, 20, 109.229580, SNPR, 0, 30, 0.000000, ZIP, 1861, 10, 186.145759, 99, 111, 
sess0001, 000372, 96, 105, AA, 2084, 20, 104.247540, GVWY, 2203, 20, 110.179580, SNPR, 0, 30, 0.000000, ZIP, 1863, 10, 186.345759, 96, 105, 
sess0001, 000374, 96, 103, AA, 2090, 20, 104.547540, GVWY, 2225, 20, 111.279580, SNPR, 0, 30, 0.000000, ZIP, 1863, 10, 186.345759, 96, 103, 
sess0001, 000376, 93, 102, AA, 2136, 20, 106.847540, GVWY, 2225, 20, 111.279580, SNPR, 0, 30, 0.000000, ZIP, 1863, 10, 186.345759, 93, 102, 
sess0001, 000377, 93, 111, AA, 2168, 20, 108.411707, GVWY, 2225, 20, 111.279580, SNPR, 0, 30, 0.000000, ZIP, 1873, 10, 187.317426, 93, 111, 
sess0001, 000378, 93, 110, AA, 2168, 20, 108.411707, GVWY, 2266, 20, 113.329580, SNPR, 0, 30, 0.000000, ZIP, 1873, 10, 187.317426, 93, 110, 
sess0001, 000381, 100, 111, AA, 2169, 20, 108.456151, GVWY, 2289, 20, 114.485136, SNPR, 0, 30, 0.000000, ZIP, 1873, 10, 187.317426, 100, 111, 
sess0001, 000383, 93, 111, AA, 2207, 20, 110.375225, GVWY, 2289, 20, 114.485136, SNPR, 0, 30, 0.000000, ZIP, 1926, 10, 192.679278, 93, 111, 
sess0001, 000386, 104, 111, AA, 2215, 20, 110.775225, GVWY, 2337, 20, 116.885136, SNPR, 0, 30, 0.000000, ZIP, 1926, 10, 192.679278, 104, 111, 
sess0001, 000386, 93, 111, AA, 2215, 20, 110.775225, GVWY, 2363, 20, 118.185136, SNPR, 0, 30, 0.000000, ZIP, 1948, 10, 194.879278, 93, 111, 
sess0001, 000390, 96, 111, AA, 2215, 20, 110.775225, GVWY, 2378, 20, 118.935136, SNPR, 0, 30, 0.000000, ZIP, 1948, 10, 194.879278, 96, 111, 
sess0001, 000391, 96, 114, AA, 2215, 20, 110.775225, GVWY, 2399, 20, 119.985136, SNPR, 0, 30, 0.000000, ZIP, 1948, 10, 194.879278, 96, 114, 
sess0001, 000395, 96, 121, AA, 2243, 20, 112.175225, GVWY, 2399, 20, 119.985136, SNPR, 0, 30, 0.000000, ZIP, 1948, 10, 194.879278, 96, 121, 
sess0001, 000397, 96, 119, AA, 2256, 20, 112.841892, GVWY, 2424, 20, 121.218469, SNPR, 0, 30, 0.000000, ZIP, 1948, 10, 194.879278, 96, 119, 
sess0001, 000397, 93, 119, AA, 2256, 20, 112.841892, GVWY, 2455, 20, 122.768469, SNPR, 0, 30, 0.000000, ZIP, 1950, 10, 195.079278, 93, 119, 
sess0001, 000399, 93, 119, AA, 2270, 20, 113.508796, GVWY, 2455, 20, 122.768469, SNPR, 0, 30, 0.000000, ZIP, 2014, 10, 201.445469, 93, 119, 
sess0001, 000400, 95, 121, AA, 2270, 20, 113.514649, GVWY, 2457, 20, 122.862616, SNPR, 0, 30, 0.000000, ZIP, 2014, 10, 201.445469, 95, 121, 
sess0001, 000404, 93, 114, AA, 2270, 20, 113.514649, GVWY, 2492, 20, 124.612616, SNPR, 0, 30, 0.000000, ZIP, 2017, 10, 201.745469, 93, 114, 
sess0001, 000407, 108, 116, AA, 2270, 20, 113.514649, GVWY, 2502, 20, 125.112616, SNPR, 0, 30, 0.000000, ZIP, 2017, 10, 201.745469, 108, 116, 
sess0001, 000408, 106, 111, AA, 2270, 20, 113.514649, GVWY, 2530, 20, 126.512616, SNPR, 0, 30, 0.000000, ZIP, 2017, 10, 201.745469, 106, 111, 
sess0001, 000410, 106, 111, AA, 2311, 20, 115.564649, GVWY, 2530, 20, 126.512616, SNPR, 0, 30, 0.000000, ZIP, 2017, 10, 201.745469, 106, 111, 
sess0001, 000411, 106, 107, AA, 2367, 20, 118.364649, GVWY, 2530, 20, 126.512616, SNPR, 0, 30, 0.000000, ZIP, 2037, 10, 203.745469, 106, 107, 
sess0001, 000412, 100, 111, AA, 2377, 20, 118.864649, GVWY, 2530, 20, 126.512616, SNPR, 0, 30, 0.000000, ZIP, 2070, 10, 207.045469, 100, 111, 
sess0001, 000416, 100, 110, AA, 2389, 20, 119.463816, GVWY, 2531, 20, 126.563450, SNPR, 0, 30, 0.000000, ZIP, 2070, 10, 207.045469, 100, 110, 
sess0001, 000421, 100, 105, AA, 2389, 20, 119.463816, GVWY, 2532, 20, 126.613450, SNPR, 0, 30, 0.000000, ZIP, 2087, 10, 208.745469, 100, 105, 
sess0001, 000425, 100, 106, AA, 2389, 20, 119.463816, GVWY, 2559, 20, 127.963450, SNPR, 0, 30, 0.000000, ZIP, 2125, 10, 212.545469, 100, 106, 
sess0001, 000425, 100, 111, AA, 2427, 20, 121.363816, GVWY, 2559, 20, 127.963450, SNPR, 0, 30, 0.000000, ZIP, 2125, 10, 212.545469, 100, 111, 
sess0001, 000428, 100, 106, AA, 2450, 20, 122.537149, GVWY, 2604, 20, 130.240116, SNPR, 0, 30, 0.000000, ZIP, 2125, 10, 212.545469, 100, 106, 
sess0001, 000431, 100, 106, AA, 2450, 20, 122.537149, GVWY, 2619, 20, 130.990116, SNPR, 0, 30, 0.000000, ZIP, 2179, 10, 217.945469, 100, 106, 
sess0001, 000435, 96, 100, AA, 2457, 20, 122.887149, GVWY, 2619, 20, 130.990116, SNPR, 0, 30, 0.000000, ZIP, 2180, 10, 218.045469, 96, 100, 
sess0001, 000436, 93, 99, AA, 2457, 20, 122.887149, GVWY, 2635, 20, 131.790116, SNPR, 0, 30, 0.000000, ZIP, 2180, 10, 218.045469, 93, 99, 
sess0001, 000438, 93, 110, AA, 2459, 20, 122.957836, GVWY, 2635, 20, 131.790116, SNPR, 0, 30, 0.000000, ZIP, 2222, 10, 222.204096, 93, 110, 
sess0001, 000440, 93, 109, AA, 2459, 20, 122.957836, GVWY, 2654, 20, 132.740116, SNPR, 0, 30, 0.000000, ZIP, 2251, 10, 225.104096, 93, 109, 
sess0001, 000442, 93, 109, AA, 2466, 20, 123.339039, GVWY, 2654, 20, 132.740116, SNPR, 0, 30, 0.000000, ZIP, 2292, 10, 229.241688, 93, 109, 
sess0001, 000444, 70, 109, AA, 2466, 20, 123.339039, GVWY, 2682, 20, 134.140116, SNPR, 0, 30, 0.000000, ZIP, 2292, 10, 229.241688, 70, 109, 
sess0001, 000444, 84, 111, AA, 2467, 20, 123.368669, GVWY, 2698, 20, 134.910487, SNPR, 0, 30, 0.000000, ZIP, 2292, 10, 229.241688, 84, 111, 
sess0001, 000447, 96, 106, AA, 2559, 20, 127.968669, GVWY, 2698, 20, 134.910487, SNPR, 0, 30, 0.000000, ZIP, 2292, 10, 229.241688, 96, 106, 
sess0001, 000451, 97, 106, AA, 2559, 20, 127.998299, GVWY, 2702, 20, 135.130857, SNPR, 0, 30, 0.000000, ZIP, 2292, 10, 229.241688, 97, 106, 
sess0001, 000453, 96, 103, AA, 2606, 20, 130.348299, GVWY, 2702, 20, 135.130857, SNPR, 0, 30, 0.000000, ZIP, 2293, 10, 229.341688, 96, 103, 
sess0001, 000459, 96, 100, AA, 2606, 20, 130.348299, GVWY, 2720, 20, 136.030857, SNPR, 0, 30, 0.000000, ZIP, 2296, 10, 229.641688, 96, 100, 
sess0001, 000460, 96, 106, AA, 2606, 20, 130.348299, GVWY, 2728, 20, 136.430857, SNPR, 0, 30, 0.000000, ZIP, 2329, 10, 232.941688, 96, 106, 
sess0001, 000462, 96, 106, AA, 2649, 20, 132.498299, GVWY, 2728, 20, 136.430857, SNPR, 0, 30, 0.000000, ZIP, 2340, 10, 234.041688, 96, 106, 
sess0001, 000464, 95, 106, AA, 2649, 20, 132.498299, GVWY, 2764, 20, 138.230857, SNPR, 0, 30, 0.000000, ZIP, 2340, 10, 234.041688, 95, 106, 
sess0001, 000465, 96, 111, AA, 2649, 20, 132.498299, GVWY, 2782, 20, 139.130857, SNPR, 0, 30, 0.000000, ZIP, 2340, 10, 234.041688, 96, 111, 
sess0001, 000468, 96, 111, AA, 2671, 20, 133.576077, GVWY, 2825, 20, 141.253079, SNPR, 0, 30, 0.000000, ZIP, 2340, 10, 234.041688, 96, 111, 
sess0001, 000471, 96, 104, AA, 2719, 20, 135.976077, GVWY, 2825, 20, 141.253079, SNPR, 0, 30, 0.000000, ZIP, 2340, 10, 234.041688, 96, 104, 
sess0001, 000471, 96, 111, AA, 2719, 20, 135.976077, GVWY, 2827, 20, 141.353079, SNPR, 0, 30, 0.000000, ZIP, 2392, 10, 239.241688, 96, 111, 
sess0001, 000473, 102, 114, AA, 2719, 20, 135.976077, GVWY, 2848, 20, 142.403079, SNPR, 0, 30, 0.000000, ZIP, 2392, 10, 239.241688, 102, 114, 
sess0001, 000478, 102, 109, AA, 2729, 20, 136.455860, GVWY, 2866, 20, 143.323295, SNPR, 0, 30, 0.000000, ZIP, 2392, 10, 239.241688, 102, 109, 
sess0001, 000479, 102, 105, AA, 2729, 20, 136.455860, GVWY, 2890, 20, 144.523295, SNPR, 0, 30, 0.000000, ZIP, 2429, 10, 242.941688, 102, 105, 
sess0001, 000480, 102, 104, AA, 2729, 20, 136.455860, GVWY, 2890, 20, 144.523295, SNPR, 26, 30, 0.866667, ZIP, 2429, 10, 242.941688, 102, 104, 
sess0001, 000480, 102, 104, AA, 2742, 20, 137.138919, GVWY, 2890, 20, 144.523295, SNPR, 27, 30, 0.911294, ZIP, 2429, 10, 242.941688, 102, 104, 
sess0001, 000480, 100, 104, AA, 2742, 20, 137.138919, GVWY, 2890, 20, 144.523295, SNPR, 55, 30, 1.844627, ZIP, 2429, 10, 242.941688, 100, 104, 
sess0001, 000480, 96, 100, AA, 2742, 20, 137.138919, GVWY, 2890, 20, 144.523295, SNPR, 82, 30, 2.744627, ZIP, 2455, 10, 245.541688, 96, 100, 
sess0001, 000480, 96, 98, AA, 2762, 20, 138.121978, GVWY, 2890, 20, 144.523295, SNPR, 123, 30, 4.122588, ZIP, 2455, 10, 245.541688, 96, 98, 
sess0001, 000480, 96, 100, AA, 2762, 20, 138.121978, GVWY, 2890, 20, 144.523295, SNPR, 174, 30, 5.822588, ZIP, 2455, 10, 245.541688, 96, 100, 
sess0001, 000481, 96, 98, AA, 2762, 20, 138.121978, GVWY, 2890, 20, 144.523295, SNPR, 249, 30, 8.322588, ZIP, 2455, 10, 245.541688, 96, 98, 
sess0001, 000481, 96, 98, AA, 2762, 20, 138.121978, GVWY, 2890, 20, 144.523295, SNPR, 288, 30, 9.622588, ZIP, 2455, 10, 245.541688, 96, 98, 
sess0001, 000481, 96, 98, AA, 2762, 20, 138.121978, GVWY, 2890, 20, 144.523295, SNPR, 340, 30, 11.355921, ZIP, 2455, 10, 245.541688, 96, 98, 
sess0001, 000481, 94, 98, AA, 2762, 20, 138.121978, GVWY, 2890, 20, 144.523295, SNPR, 417, 30, 13.922588, ZIP, 2455, 10, 245.541688, 94, 98, 
sess0001, 000482, 98, 104, AA, 2762, 20, 138.121978, GVWY, 2890, 20, 144.523295, SNPR, 479, 30, 15.989255, ZIP, 2455, 10, 245.541688, 98, 104, 
sess0001, 000483, 102, 114, AA, 2763, 20, 138.188919, GVWY, 2890, 20, 144.523295, SNPR, 489, 30, 16.311294, ZIP, 2455, 10, 245.541688, 102, 114, 
sess0001, 000484, 96, 112, AA, 2763, 20, 138.188919, GVWY, 2912, 20, 145.623295, SNPR, 537, 30, 17.911294, ZIP, 2455, 10, 245.541688, 96, 112, 
sess0001, 000486, 103, 110, AA, 2763, 20, 138.188919, GVWY, 2912, 20, 145.623295, SNPR, 573, 30, 19.111294, ZIP, 2455, 10, 245.541688, 103, 110, 
sess0001, 000487, 103, 109, AA, 2800, 20, 140.018086, GVWY, 2912, 20, 145.623295, SNPR, 625, 30, 20.858516, ZIP, 2455, 10, 245.541688, 103, 109, 
sess0001, 000490, 97, 109, AA, 2800, 20, 140.018086, GVWY, 2912, 20, 145.623295, SNPR, 627, 30, 20.925183, ZIP, 2455, 10, 245.541688, 97, 109, 
sess0001, 000490, 97, 114, AA, 2802, 20, 140.106975, GVWY, 2934, 20, 146.734407, SNPR, 627, 30, 20.925183, ZIP, 2455, 10, 245.541688, 97, 114, 
sess0001, 000491, 104, 121, AA, 2802, 20, 140.106975, GVWY, 2944, 20, 147.234407, SNPR, 627, 30, 20.925183, ZIP, 2455, 10, 245.541688, 104, 121, 
sess0001, 000495, 114, 121, AA, 2803, 20, 140.156358, GVWY, 2944, 20, 147.234407, SNPR, 629, 30, 20.992261, ZIP, 2455, 10, 245.541688, 114, 121, 
sess0001, 000496, 113, 121, AA, 2803, 20, 140.156358, GVWY, 2980, 20, 149.034407, SNPR, 629, 30, 20.992261, ZIP, 2455, 10, 245.541688, 113, 121, 
sess0001, 000497, 97, 121, AA, 2803, 20, 140.156358, GVWY, 2980, 20, 149.034407, SNPR, 652, 30, 21.758928, ZIP, 2480, 10, 248.041688, 97, 121, 
sess0001, 000498, 100, 118, AA, 2803, 20, 140.156358, GVWY, 3023, 20, 151.184407, SNPR, 696, 30, 23.225594, ZIP, 2480, 10, 248.041688, 100, 118, 
sess0001, 000500, 97, 104, AA, 2803, 20, 140.156358, GVWY, 3023, 20, 151.184407, SNPR, 726, 30, 24.225594, ZIP, 2480, 10, 248.041688, 97, 104, 
sess0001, 000500, 96, 101, AA, 2807, 20, 140.356358, GVWY, 3023, 20, 151.184407, SNPR, 726, 30, 24.225594, ZIP, 2481, 10, 248.141688, 96, 101, 
sess0001, 000501, 96, 104, AA, 2807, 20, 140.356358, GVWY, 3023, 20, 151.184407, SNPR, 763, 30, 25.458928, ZIP, 2483, 10, 248.341688, 96, 104, 
sess0001, 000502, 100, 104, AA, 2807, 20, 140.356358, GVWY, 3027, 20, 151.384407, SNPR, 763, 30, 25.458928, ZIP, 2520, 10, 252.041688, 100, 104, 
sess0001, 000503, 96, 101, AA, 2848, 20, 142.435524, GVWY, 3027, 20, 151.384407, SNPR, 794, 30, 26.472817, ZIP, 2520, 10, 252.041688, 96, 101, 
sess0001, 000504, 96, 98, AA, 2850, 20, 142.513302, GVWY, 3027, 20, 151.384407, SNPR, 794, 30, 26.472817, ZIP, 2548, 10, 254.886133, 96, 98, 
sess0001, 000505, 96, 101, AA, 2850, 20, 142.513302, GVWY, 3035, 20, 151.784407, SNPR, 794, 30, 26.472817, ZIP, 2548, 10, 254.886133, 96, 101, 
sess0001, 000505, 96, 114, AA, 2850, 20, 142.513302, GVWY, 3035, 20, 151.784407, SNPR, 827, 30, 27.572817, ZIP, 2597, 10, 259.786133, 96, 114, 
sess0001, 000507, 96, 96, AA, 2850, 20, 142.513302, GVWY, 3035, 20, 151.784407, SNPR, 838, 30, 27.939483, ZIP, 2597, 10, 259.786133, 96, 96, 
sess0001, 000507, 96, 99, AA, 2882, 20, 144.149691, GVWY, 3035, 20, 151.784407, SNPR, 877, 30, 29.248557, ZIP, 2597, 10, 259.786133, 96, 99, 
sess0001, 000508, 91, 96, AA, 2882, 20, 144.149691, GVWY, 3066, 20, 153.334407, SNPR, 877, 30, 29.248557, ZIP, 2599, 10, 259.986133, 91, 96, 
sess0001, 000509, 91, 96, AA, 2882, 20, 144.149691, GVWY, 3066, 20, 153.334407, SNPR, 887, 30, 29.581891, ZIP, 2599, 10, 259.986133, 91, 96, 
sess0001, 000509, 91, 98, AA, 2926, 20, 146.308518, GVWY, 3094, 20, 154.725579, SNPR, 887, 30, 29.581891, ZIP, 2599, 10, 259.986133, 91, 98, 
sess0001, 000511, 83, 98, AA, 2926, 20, 146.308518, GVWY, 3094, 20, 154.725579, SNPR, 893, 30, 29.781891, ZIP, 2599, 10, 259.986133, 83, 98, 
sess0001, 000513, 85, 106, AA, 2964, 20, 148.214074, GVWY, 3094, 20, 154.725579, SNPR, 942, 30, 31.411520, ZIP, 2599, 10, 259.986133, 85, 106, 
sess0001, 000513, 85, 105, AA, 2964, 20, 148.214074, GVWY, 3094, 20, 154.725579, SNPR, 987, 30, 32.911520, ZIP, 2600, 10, 260.086133, 85, 105, 
sess0001, 000515, 86, 105, AA, 2964, 20, 148.214074, GVWY, 3094, 20, 154.725579, SNPR, 1028, 30, 34.278187, ZIP, 2600, 10, 260.086133, 86, 105, 
sess0001, 000516, 86, 105, AA, 2964, 20, 148.214074, GVWY, 3114, 20, 155.725579, SNPR, 1074, 30, 35.811520, ZIP, 2600, 10, 260.086133, 86, 105, 
sess0001, 000518, 88, 104, AA, 2964, 20, 148.214074, GVWY, 3118, 20, 155.908913, SNPR, 1104, 30, 36.822631, ZIP, 2600, 10, 260.086133, 88, 104, 
sess0001, 000520, 94, 103, AA, 2964, 20, 148.214074, GVWY, 3118, 20, 155.908913, SNPR, 1109, 30, 36.975718, ZIP, 2631, 10, 263.126873, 94, 103, 
sess0001, 000521, 98, 106, AA, 2964, 20, 148.233827, GVWY, 3146, 20, 157.339160, SNPR, 1109, 30, 36.975718, ZIP, 2631, 10, 263.126873, 98, 106, 
sess0001, 000524, 103, 111, AA, 2964, 20, 148.233827, GVWY, 3146, 20, 157.339160, SNPR, 1109, 30, 36.975718, ZIP, 2631, 10, 263.126873, 103, 111, 
sess0001, 000525, 103, 114, AA, 2964, 20, 148.233827, GVWY, 3146, 20, 157.339160, SNPR, 1145, 30, 38.175718, ZIP, 2631, 10, 263.126873, 103, 114, 
sess0001, 000525, 103, 114, AA, 2964, 20, 148.233827, GVWY, 3148, 20, 157.439160, SNPR, 1145, 30, 38.175718, ZIP, 2631, 10, 263.126873, 103, 114, 
sess0001, 000527, 103, 114, AA, 3000, 20, 150.033827, GVWY, 3148, 20, 157.439160, SNPR, 1145, 30, 38.175718, ZIP, 2631, 10, 263.126873, 103, 114, 
sess0001, 000527, 100, 114, AA, 3000, 20, 150.033827, GVWY, 3173, 20, 158.689160, SNPR, 1145, 30, 38.175718, ZIP, 2631, 10, 263.126873, 100, 114, 
sess0001, 000527, 100, 121, AA, 3000, 20, 150.033827, GVWY, 3183, 20, 159.189160, SNPR, 1145, 30, 38.175718, ZIP, 2631, 10, 263.126873, 100, 121, 
sess0001, 000532, 97, 101, AA, 3004, 20, 150.233827, GVWY, 3183, 20, 159.189160, SNPR, 1145, 30, 38.175718, ZIP, 2632, 10, 263.226873, 97, 101, 
sess0001, 000533, 83, 101, AA, 3004, 20, 150.233827, GVWY, 3215, 20, 160.789160, SNPR, 1145, 30, 38.175718, ZIP, 2633, 10, 263.326873, 83, 101, 
sess0001, 000534, 88, 110, AA, 3004, 20, 150.233827, GVWY, 3215, 20, 160.789160, SNPR, 1145, 30, 38.175718, ZIP, 2674, 10, 267.426873, 88, 110, 
sess0001, 000535, 96, 105, AA, 3047, 20, 152.395494, GVWY, 3215, 20, 160.789160, SNPR, 1171, 30, 39.034607, ZIP, 2674, 10, 267.426873, 96, 105, 
sess0001, 000537, 91, 110, AA, 3047, 20, 152.395494, GVWY, 3215, 20, 160.789160, SNPR, 1225, 30, 40.834607, ZIP, 2674, 10, 267.426873, 91, 110, 
sess0001, 000538, 91, 101, AA, 3047, 20, 152.395494, GVWY, 3215, 20, 160.789160, SNPR, 1244, 30, 41.467940, ZIP, 2722, 10, 272.226873, 91, 101, 
sess0001, 000539, 83, 101, AA, 3047, 20, 152.395494, GVWY, 3246, 20, 162.339160, SNPR, 1244, 30, 41.467940, ZIP, 2722, 10, 272.226873, 83, 101, 
sess0001, 000539, 93, 101, AA, 3089, 20, 154.495494, GVWY, 3246, 20, 162.339160, SNPR, 1244, 30, 41.467940, ZIP, 2755, 10, 275.526873, 93, 101, 
sess0001, 000540, 85, 96, AA, 3089, 20, 154.495494, GVWY, 3246, 20, 162.339160, SNPR, 1267, 30, 42.234607, ZIP, 2755, 10, 275.526873, 85, 96, 
sess0001, 000540, 85, 101, AA, 3089, 20, 154.495494, GVWY, 3246, 20, 162.339160, SNPR, 1334, 30, 44.467940, ZIP, 2755, 10, 275.526873, 85, 101, 
sess0001, 000541, 83, 96, AA, 3091, 20, 154.559691, GVWY, 3253, 20, 162.674962, SNPR, 1334, 30, 44.467940, ZIP, 2755, 10, 275.526873, 83, 96, 
sess0001, 000542, 83, 86, AA, 3092, 20, 154.604135, GVWY, 3277, 20, 163.880518, SNPR, 1334, 30, 44.467940, ZIP, 2755, 10, 275.526873, 83, 86, 
sess0001, 000542, 83, 96, AA, 3092, 20, 154.604135, GVWY, 3277, 20, 163.880518, SNPR, 1363, 30, 45.434607, ZIP, 2770, 10, 277.026873, 83, 96, 
sess0001, 000543, 80, 91, AA, 3092, 20, 154.604135, GVWY, 3295, 20, 164.780518, SNPR, 1363, 30, 45.434607, ZIP, 2770, 10, 277.026873, 80, 91, 
sess0001, 000543, 80, 101, AA, 3122, 20, 156.144135, GVWY, 3295, 20, 164.780518, SNPR, 1375, 30, 45.841273, ZIP, 2770, 10, 277.026873, 80, 101, 
sess0001, 000544, 80, 101, AA, 3122, 20, 156.144135, GVWY, 3295, 20, 164.780518, SNPR, 1398, 30, 46.607940, ZIP, 2770, 10, 277.026873, 80, 101, 
sess0001, 000548, 80, 95, AA, 3122, 20, 156.144135, GVWY, 3295, 20, 164.780518, SNPR, 1419, 30, 47.307940, ZIP, 2772, 10, 277.226873, 80, 95, 
sess0001, 000549, 86, 101, AA, 3122, 20, 156.144135, GVWY, 3308, 20, 165.430518, SNPR, 1431, 30, 47.707940, ZIP, 2772, 10, 277.226873, 86, 101, 
sess0001, 000550, 98, 111, AA, 3122, 20, 156.144135, GVWY, 3313, 20, 165.680518, SNPR, 1431, 30, 47.707940, ZIP, 2772, 10, 277.226873, 98, 111, 
sess0001, 000551, 104, 111, AA, 3128, 20, 156.410802, GVWY, 3313, 20, 165.680518, SNPR, 1459, 30, 48.663496, ZIP, 2772, 10, 277.226873, 104, 111, 
sess0001, 000551, 80, 111, AA, 3128, 20, 156.410802, GVWY, 3339, 20, 166.980518, SNPR, 1469, 30, 48.996829, ZIP, 2772, 10, 277.226873, 80, 111, 
sess0001, 000552, 75, 111, AA, 3128, 20, 156.410802, GVWY, 3339, 20, 166.980518, SNPR, 1469, 30, 48.996829, ZIP, 2772, 10, 277.226873, 75, 111, 
sess0001, 000553, 79, 104, AA, 3128, 20, 156.410802, GVWY, 3370, 20, 168.530518, SNPR, 1504, 30, 50.163496, ZIP, 2772, 10, 277.226873, 79, 104, 
sess0001, 000554, 94, 111, AA, 3128, 20, 156.410802, GVWY, 3370, 20, 168.530518, SNPR, 1561, 30, 52.063496, ZIP, 2772, 10, 277.226873, 94, 111, 
sess0001, 000555, 95, 108, AA, 3170, 20, 158.530524, GVWY, 3370, 20, 168.530518, SNPR, 1572, 30, 52.417014, ZIP, 2772, 10, 277.226873, 95, 108, 
sess0001, 000556, 95, 111, AA, 3171, 20, 158.560154, GVWY, 3386, 20, 169.300888, SNPR, 1572, 30, 52.417014, ZIP, 2772, 10, 277.226873, 95, 111, 
sess0001, 000558, 104, 111, AA, 3237, 20, 161.860154, GVWY, 3386, 20, 169.300888, SNPR, 1572, 30, 52.417014, ZIP, 2772, 10, 277.226873, 104, 111, 
sess0001, 000558, 97, 111, AA, 3245, 20, 162.269876, GVWY, 3386, 20, 169.300888, SNPR, 1618, 30, 53.943866, ZIP, 2772, 10, 277.226873, 97, 111, 
sess0001, 000558, 103, 114, AA, 3245, 20, 162.269876, GVWY, 3386, 20, 169.300888, SNPR, 1641, 30, 54.710533, ZIP, 2772, 10, 277.226873, 103, 114, 
sess0001, 000559, 107, 114, AA, 3275, 20, 163.754598, GVWY, 3386, 20, 169.300888, SNPR, 1641, 30, 54.710533, ZIP, 2817, 10, 281.757429, 107, 114, 
sess0001, 000562, 109, 121, AA, 3290, 20, 164.504598, GVWY, 3386, 20, 169.300888, SNPR, 1641, 30, 54.710533, ZIP, 2817, 10, 281.757429, 109, 121, 
sess0001, 000563, 103, 121, AA, 3290, 20, 164.504598, GVWY, 3386, 20, 169.300888, SNPR, 1641, 30, 54.710533, ZIP, 2904, 10, 290.457429, 103, 121, 
sess0001, 000564, 112, 121, AA, 3290, 20, 164.549043, GVWY, 3398, 20, 169.906444, SNPR, 1641, 30, 54.710533, ZIP, 2904, 10, 290.457429, 112, 121, 
sess0001, 000564, 103, 124, AA, 3290, 20, 164.549043, GVWY, 3398, 20, 169.906444, SNPR, 1667, 30, 55.577199, ZIP, 2904, 10, 290.457429, 103, 124, 
sess0001, 000565, 91, 106, AA, 3290, 20, 164.549043, GVWY, 3398, 20, 169.906444, SNPR, 1669, 30, 55.643866, ZIP, 2904, 10, 290.457429, 91, 106, 
sess0001, 000567, 83, 98, AA, 3290, 20, 164.549043, GVWY, 3398, 20, 169.906444, SNPR, 1685, 30, 56.177199, ZIP, 2904, 10, 290.457429, 83, 98, 
sess0001, 000568, 94, 98, AA, 3290, 20, 164.549043, GVWY, 3398, 20, 169.906444, SNPR, 1696, 30, 56.543866, ZIP, 2904, 10, 290.457429, 94, 98, 
sess0001, 000571, 96, 98, AA, 3293, 20, 164.699043, GVWY, 3398, 20, 169.906444, SNPR, 1696, 30, 56.543866, ZIP, 2906, 10, 290.657429, 96, 98, 
sess0001, 000572, 95, 106, AA, 3293, 20, 164.699043, GVWY, 3406, 20, 170.306444, SNPR, 1696, 30, 56.543866, ZIP, 2906, 10, 290.657429, 95, 106, 
sess0001, 000575, 99, 104, AA, 3334, 20, 166.749043, GVWY, 3406, 20, 170.306444, SNPR, 1696, 30, 56.543866, ZIP, 2942, 10, 294.257429, 99, 104, 
sess0001, 000576, 83, 104, AA, 3334, 20, 166.749043, GVWY, 3445, 20, 172.256444, SNPR, 1696, 30, 56.543866, ZIP, 2969, 10, 296.957429, 83, 104, 
sess0001, 000580, 86, 101, AA, 3335, 20, 166.756269, GVWY, 3445, 20, 172.256444, SNPR, 1703, 30, 56.772382, ZIP, 2969, 10, 296.957429, 86, 101, 
sess0001, 000581, 96, 106, AA, 3335, 20, 166.756269, GVWY, 3452, 20, 172.606444, SNPR, 1703, 30, 56.772382, ZIP, 2969, 10, 296.957429, 96, 106, 
sess0001, 000581, 87, 106, AA, 3335, 20, 166.756269, GVWY, 3483, 20, 174.156444, SNPR, 1703, 30, 56.772382, ZIP, 2969, 10, 296.957429, 87, 106, 
sess0001, 000583, 95, 106, AA, 3337, 20, 166.856269, GVWY, 3483, 20, 174.156444, SNPR, 1735, 30, 57.839049, ZIP, 2969, 10, 296.957429, 95, 106, 
sess0001, 000583, 96, 114, AA, 3337, 20, 166.856269, GVWY, 3483, 20, 174.156444, SNPR, 1779, 30, 59.305716, ZIP, 2969, 10, 296.957429, 96, 114, 
sess0001, 000583, 96, 121, AA, 3337, 20, 166.856269, GVWY, 3493, 20, 174.656444, SNPR, 1779, 30, 59.305716, ZIP, 2969, 10, 296.957429, 96, 121, 
sess0001, 000584, 114, 120, AA, 3340, 20, 167.000713, GVWY, 3493, 20, 174.656444, SNPR, 1807, 30, 60.242753, ZIP, 2969, 10, 296.957429, 114, 120, 
sess0001, 000584, 118, 121, AA, 3341, 20, 167.067380, GVWY, 3504, 20, 175.239777, SNPR, 1807, 30, 60.242753, ZIP, 2969, 10, 296.957429, 118, 121, 
sess0001, 000584, 118, 124, AA, 3341, 20, 167.067380, GVWY, 3504, 20, 175.239777, SNPR, 1807, 30, 60.242753, ZIP, 2969, 10, 296.957429, 118, 124, 
sess0001, 000584, 122, 126, AA, 3346, 20, 167.317380, GVWY, 3504, 20, 175.239777, SNPR, 1807, 30, 60.242753, ZIP, 2969, 10, 296.957429, 122, 126, 
sess0001, 000584, 122, 132, AA, 3346, 20, 167.317380, GVWY, 3504, 20, 175.239777, SNPR, 1815, 30, 60.509419, ZIP, 2969, 10, 296.957429, 122, 132, 
sess0001, 000585, 114, 131, AA, 3360, 20, 168.034139, GVWY, 3504, 20, 175.239777, SNPR, 1815, 30, 60.509419, ZIP, 3045, 10, 304.523910, 114, 131, 
sess0001, 000587, 121, 129, AA, 3360, 20, 168.034139, GVWY, 3504, 20, 175.239777, SNPR, 1864, 30, 62.142753, ZIP, 3049, 10, 304.923910, 121, 129, 
sess0001, 000587, 114, 126, AA, 3366, 20, 168.334139, GVWY, 3504, 20, 175.239777, SNPR, 1864, 30, 62.142753, ZIP, 3066, 10, 306.623910, 114, 126, 
sess0001, 000589, 83, 126, AA, 3366, 20, 168.334139, GVWY, 3538, 20, 176.939777, SNPR, 1864, 30, 62.142753, ZIP, 3066, 10, 306.623910, 83, 126, 
sess0001, 000590, 83, 107, AA, 3368, 20, 168.445250, GVWY, 3538, 20, 176.939777, SNPR, 1867, 30, 62.235345, ZIP, 3066, 10, 306.623910, 83, 107, 
sess0001, 000591, 83, 102, AA, 3368, 20, 168.445250, GVWY, 3538, 20, 176.939777, SNPR, 1888, 30, 62.935345, ZIP, 3071, 10, 307.123910, 83, 102, 
sess0001, 000593, 83, 97, AA, 3368, 20, 168.445250, GVWY, 3538, 20, 176.939777, SNPR, 1924, 30, 64.135345, ZIP, 3071, 10, 307.123910, 83, 97, 
sess0001, 000594, 84, 93, AA, 3394, 20, 169.737164, GVWY, 3538, 20, 176.939777, SNPR, 1944, 30, 64.807403, ZIP, 3071, 10, 307.123910, 84, 93, 
sess0001, 000594, 84, 97, AA, 3438, 20, 171.908747, GVWY, 3538, 20, 176.939777, SNPR, 1969, 30, 65.659681, ZIP, 3071, 10, 307.123910, 84, 97, 
sess0001, 000596, 83, 97, AA, 3438, 20, 171.914600, GVWY, 3545, 20, 177.283924, SNPR, 1969, 30, 65.659681, ZIP, 3071, 10, 307.123910, 83, 97, 
sess0001, 000598, 83, 97, AA, 3438, 20, 171.914600, GVWY, 3553, 20, 177.683924, SNPR, 1969, 30, 65.659681, ZIP, 3071, 10, 307.123910, 83, 97, 
sess0001, 000599, 80, 91, AA, 3438, 20, 171.914600, GVWY, 3553, 20, 177.683924, SNPR, 1990, 30, 66.359681, ZIP, 3071, 10, 307.123910, 80, 91, 
sess0001, 000600, 80, 90, AA, 3438, 20, 171.914600, GVWY, 3553, 20, 177.683924, SNPR, 1990, 30, 66.359681, ZIP, 3071, 10, 307.123910, 80, 90, 
sess0002, 000002, 119, 712, AA, 0, 20, 0.000000, GVWY, 80, 20, 4.000000, SNPR, 0, 30, 0.000000, ZIP, 10, 10, 1.000000, 119, 712, 
sess0002, 000003, None, 520, AA, 20, 20, 1.010841, GVWY, 154, 20, 7.739159, SNPR, 0, 30, 0.000000, ZIP, 10, 10, 1.000000, N, 520, 
sess0002, 000007, 108, 113, AA, 63, 20, 3.166538, GVWY, 160, 20, 8.033462, SNPR, 0, 30, 0.000000, ZIP, 10, 10, 1.000000, 108, 113, 
sess0002, 000009, 108, 116, AA, 114, 20, 5.716538, GVWY, 160, 20, 8.033462, SNPR, 0, 30, 0.000000, ZIP, 10, 10, 1.000000, 108, 116, 
sess0002, 000010, 108, 134, AA, 114, 20, 5.716538, GVWY, 188, 20, 9.433462, SNPR, 0, 30, 0.000000, ZIP, 15, 10, 1.500000, 108, 134, 
sess0002, 000010, 101, 134, AA, 114, 20, 5.716538, GVWY, 188, 20, 9.433462, SNPR, 0, 30, 0.000000, ZIP, 43, 10, 4.300000, 101, 134, 
sess0002, 000012, 102, 108, AA, 118, 20, 5.916538, GVWY, 218, 20, 10.933462, SNPR, 0, 30, 0.000000, ZIP, 43, 10, 4.300000, 102, 108, 
sess0002, 000015, 98, 103, AA, 150, 20, 7.516538, GVWY, 218, 20, 10.933462, SNPR, 0, 30, 0.000000, ZIP, 47, 10, 4.700000, 98, 103, 
sess0002, 000018, 98, 106, AA, 188, 20, 9.421260, GVWY, 239, 20, 11.978740, SNPR, 0, 30, 0.000000, ZIP, 47, 10, 4.700000, 98, 106, 
sess0002, 000020, 77, 106, AA, 188, 20, 9.421260, GVWY, 239, 20, 11.978740, SNPR, 0, 30, 0.000000, ZIP, 47, 10, 4.700000, 77, 106, 
sess0002, 000022, 82, 103, AA, 198, 20, 9.921260, GVWY, 252, 20, 12.628740, SNPR, 0, 30, 0.000000, ZIP, 47, 10, 4.700000, 82, 103, 
sess0002, 000024, 87, 114, AA, 198, 20, 9.921260, GVWY, 254, 20, 12.728740, SNPR, 0, 30, 0.000000, ZIP, 61, 10, 6.100000, 87, 114, 
sess0002, 000025, 87, 114, AA, 205, 20, 10.270129, GVWY, 267, 20, 13.379871, SNPR, 0, 30, 0.000000, ZIP, 61, 10, 6.100000, 87, 114, 
sess0002, 000027, 87, 114, AA, 205, 20, 10.270129, GVWY, 285, 20, 14.279871, SNPR, 0, 30, 0.000000, ZIP, 61, 10, 6.100000, 87, 114, 
sess0002, 000030, 87, 92, AA, 205, 20, 10.270129, GVWY, 305, 20, 15.279871, SNPR, 0, 30, 0.000000, ZIP, 61, 10, 6.100000, 87, 92, 
sess0002, 000031, 90, 114, AA, 232, 20, 11.644124, GVWY, 321, 20, 16.055876, SNPR, 0, 30, 0.000000, ZIP, 61, 10, 6.100000, 90, 114, 
sess0002, 000032, 87, 114, AA, 264, 20, 13.216316, GVWY, 369, 20, 18.483684, SNPR, 0, 30, 0.000000, ZIP, 61, 10, 6.100000, 87, 114, 
sess0002, 000033, 98, 117, AA, 264, 20, 13.216316, GVWY, 374, 20, 18.733684, SNPR, 0, 30, 0.000000, ZIP, 61, 10, 6.100000, 98, 117, 
sess0002, 000034, 87, 101, AA, 315, 20, 15.790218, GVWY, 390, 20, 19.509782, SNPR, 0, 30, 0.000000, ZIP, 61, 10, 6.100000, 87, 101, 
sess0002, 000035, 92, 117, AA, 315, 20, 15.790218, GVWY, 426, 20, 21.309782, SNPR, 0, 30, 0.000000, ZIP, 61, 10, 6.100000, 92, 117, 
sess0002, 000039, 103, 117, AA, 353, 20, 17.690218, GVWY, 426, 20, 21.309782, SNPR, 0, 30, 0.000000, ZIP, 61, 10, 6.100000, 103, 117, 
sess0002, 000041, 96, 110, AA, 353, 20, 17.690218, GVWY, 474, 20, 23.709782, SNPR, 0, 30, 0.000000, ZIP, 64, 10, 6.400000, 96, 110, 
sess0002, 000042, 96, 117, AA, 383, 20, 19.188257, GVWY, 518, 20, 25.911743, SNPR, 0, 30, 0.000000, ZIP, 64, 10, 6.400000, 96, 117, 
sess0002, 000046, 101, 121, AA, 383, 20, 19.188257, GVWY, 522, 20, 26.111743, SNPR, 0, 30, 0.000000, ZIP, 65, 10, 6.500000, 101, 121, 
sess0002, 000047, 98, 121, AA, 384, 20, 19.232272, GVWY, 533, 20, 26.667728, SNPR, 0, 30, 0.000000, ZIP, 65, 10, 6.500000, 98, 121, 
sess0002, 000052, 114, 117, AA, 413, 20, 20.682272, GVWY, 533, 20, 26.667728, SNPR, 0, 30, 0.000000, ZIP, 65, 10, 6.500000, 114, 117, 
sess0002, 000053, 101, 121, AA, 466, 20, 23.312704, GVWY, 533, 20, 26.667728, SNPR, 0, 30, 0.000000, ZIP, 92, 10, 9.239136, 101, 121, 
sess0002, 000055, 101, 111, AA, 507, 20, 25.362704, GVWY, 533, 20, 26.667728, SNPR, 0, 30, 0.000000, ZIP, 92, 10, 9.239136, 101, 111, 
sess0002, 000057, 98, 108, AA, 507, 20, 25.362704, GVWY, 536, 20, 26.817728, SNPR, 0, 30, 0.000000, ZIP, 92, 10, 9.239136, 98, 108, 
sess0002, 000060, 72, 99, AA, 540, 20, 27.012704, GVWY, 536, 20, 26.817728, SNPR, 0, 30, 0.000000, ZIP, 92, 10, 9.239136, 72, 99, 
sess0002, 000060, 78, 100, AA, 558, 20, 27.912704, GVWY, 536, 20, 26.817728, SNPR, 0, 30, 0.000000, ZIP, 92, 10, 9.239136, 78, 100, 
sess0002, 000063, 86, 94, AA, 558, 20, 27.912704, GVWY, 567, 20, 28.367728, SNPR, 0, 30, 0.000000, ZIP, 102, 10, 10.239136, 86, 94, 
sess0002, 000065, 87, 93, AA, 573, 20, 28.662704, GVWY, 567, 20, 28.367728, SNPR, 0, 30, 0.000000, ZIP, 102, 10, 10.239136, 87, 93, 
sess0002, 000066, 87, 101, AA, 630, 20, 31.512704, GVWY, 567, 20, 28.367728, SNPR, 0, 30, 0.000000, ZIP, 110, 10, 11.039136, 87, 101, 
sess0002, 000070, 78, 101, AA, 656, 20, 32.812704, GVWY, 567, 20, 28.367728, SNPR, 0, 30, 0.000000, ZIP, 110, 10, 11.039136, 78, 101, 
sess0002, 000073, 82, 112, AA, 656, 20, 32.812704, GVWY, 610, 20, 30.517728, SNPR, 0, 30, 0.000000, ZIP, 110, 10, 11.039136, 82, 112, 
sess0002, 000074, 82, 112, AA, 656, 20, 32.812704, GVWY, 628, 20, 31.417728, SNPR, 0, 30, 0.000000, ZIP, 110, 10, 11.039136, 82, 112, 
sess0002, 000077, 82, 93, AA, 656, 20, 32.812704, GVWY, 637, 20, 31.867728, SNPR, 0, 30, 0.000000, ZIP, 117, 10, 11.739136, 82, 93, 
sess0002, 000077, 82, 112, AA, 666, 20, 33.335495, GVWY, 656, 20, 32.844937, SNPR, 0, 30, 0.000000, ZIP, 117, 10, 11.739136, 82, 112, 
sess0002, 000079, 82, 95, AA, 666, 20, 33.335495, GVWY, 690, 20, 34.544937, SNPR, 0, 30, 0.000000, ZIP, 134, 10, 13.439136, 82, 95, 
sess0002, 000081, 82, 112, AA, 689, 20, 34.479487, GVWY, 690, 20, 34.544937, SNPR, 0, 30, 0.000000, ZIP, 186, 10, 18.651152, 82, 112, 
sess0002, 000083, 82, 112, AA, 693, 20, 34.679487, GVWY, 694, 20, 34.744937, SNPR, 0, 30, 0.000000, ZIP, 186, 10, 18.651152, 82, 112, 
sess0002, 000084, 102, 112, AA, 711, 20, 35.589582, GVWY, 694, 20, 34.744937, SNPR, 0, 30, 0.000000, ZIP, 217, 10, 21.730963, 102, 112, 
sess0002, 000085, 82, 112, AA, 732, 20, 36.649676, GVWY, 753, 20, 37.684842, SNPR, 0, 30, 0.000000, ZIP, 217, 10, 21.730963, 82, 112, 
sess0002, 000087, 82, 101, AA, 732, 20, 36.649676, GVWY, 768, 20, 38.434842, SNPR, 0, 30, 0.000000, ZIP, 217, 10, 21.730963, 82, 101, 
sess0002, 000088, 82, 112, AA, 764, 20, 38.223287, GVWY, 804, 20, 40.211231, SNPR, 0, 30, 0.000000, ZIP, 217, 10, 21.730963, 82, 112, 
sess0002, 000089, 82, 114, AA, 764, 20, 38.223287, GVWY, 811, 20, 40.561231, SNPR, 0, 30, 0.000000, ZIP, 218, 10, 21.830963, 82, 114, 
sess0002, 000093, 82, 85, AA, 782, 20, 39.123287, GVWY, 811, 20, 40.561231, SNPR, 0, 30, 0.000000, ZIP, 218, 10, 21.830963, 82, 85, 
sess0002, 000095, 74, 83, AA, 795, 20, 39.773287, GVWY, 811, 20, 40.561231, SNPR, 0, 30, 0.000000, ZIP, 218, 10, 21.830963, 74, 83, 
sess0002, 000095, 74, 91, AA, 813, 20, 40.674436, GVWY, 826, 20, 41.310083, SNPR, 0, 30, 0.000000, ZIP, 218, 10, 21.830963, 74, 91, 
sess0002, 000097, 90, 114, AA, 813, 20, 40.674436, GVWY, 836, 20, 41.810083, SNPR, 0, 30, 0.000000, ZIP, 218, 10, 21.830963, 90, 114, 
sess0002, 000097, 90, 114, AA, 825, 20, 41.252214, GVWY, 852, 20, 42.632305, SNPR, 0, 30, 0.000000, ZIP, 218, 10, 21.830963, 90, 114, 
sess0002, 000100, 99, 117, AA, 825, 20, 41.252214, GVWY, 875, 20, 43.782305, SNPR, 0, 30, 0.000000, ZIP, 218, 10, 21.830963, 99, 117, 
sess0002, 000103, 116, 121, AA, 858, 20, 42.902214, GVWY, 875, 20, 43.782305, SNPR, 0, 30, 0.000000, ZIP, 219, 10, 21.930963, 116, 121, 
sess0002, 000103, 116, 134, AA, 858, 20, 42.902214, GVWY, 898, 20, 44.932305, SNPR, 0, 30, 0.000000, ZIP, 219, 10, 21.930963, 116, 134, 
sess0002, 000105, 104, 130, AA, 872, 20, 43.602214, GVWY, 898, 20, 44.932305, SNPR, 0, 30, 0.000000, ZIP, 221, 10, 22.130963, 104, 130, 
sess0002, 000105, 74, 120, AA, 872, 20, 43.602214, GVWY, 947, 20, 47.382305, SNPR, 0, 30, 0.000000, ZIP, 223, 10, 22.330963, 74, 120, 
sess0002, 000107, 75, 130, AA, 899, 20, 44.970886, GVWY, 976, 20, 48.813632, SNPR, 0, 30, 0.000000, ZIP, 223, 10, 22.330963, 75, 130, 
sess0002, 000110, 77, 91, AA, 940, 20, 47.020886, GVWY, 976, 20, 48.813632, SNPR, 0, 30, 0.000000, ZIP, 223, 10, 22.330963, 77, 91, 
sess0002, 000111, 77, 101, AA, 940, 20, 47.020886, GVWY, 996, 20, 49.813632, SNPR, 0, 30, 0.000000, ZIP, 223, 10, 22.330963, 77, 101, 
sess0002, 000113, 77, 98, AA, 950, 20, 47.520886, GVWY, 996, 20, 49.813632, SNPR, 0, 30, 0.000000, ZIP, 277, 10, 27.730963, 77, 98, 
sess0002, 000115, 77, 98, AA, 993, 20, 49.658521, GVWY, 999, 20, 49.975997, SNPR, 0, 30, 0.000000, ZIP, 277, 10, 27.730963, 77, 98, 
sess0002, 000117, 81, 90, AA, 997, 20, 49.875598, GVWY, 1031, 20, 51.558920, SNPR, 0, 30, 0.000000, ZIP, 277, 10, 27.730963, 81, 90, 
sess0002, 000119, 84, 98, AA, 997, 20, 49.875598, GVWY, 1049, 20, 52.458920, SNPR, 0, 30, 0.000000, ZIP, 282, 10, 28.230963, 84, 98, 
sess0002, 000120, 84, 101, AA, 997, 20, 49.875598, GVWY, 1070, 20, 53.508920, SNPR, 0, 30, 0.000000, ZIP, 282, 10, 28.230963, 84, 101, 
sess0002, 000124, 82, 88, AA, 997, 20, 49.877915, GVWY, 1103, 20, 55.156603, SNPR, 0, 30, 0.000000, ZIP, 282, 10, 28.230963, 82, 88, 
sess0002, 000125, 82, 101, AA, 998, 20, 49.944582, GVWY, 1121, 20, 56.089936, SNPR, 0, 30, 0.000000, ZIP, 282, 10, 28.230963, 82, 101, 
sess0002, 000125, 82, 101, AA, 998, 20, 49.944582, GVWY, 1134, 20, 56.739936, SNPR, 0, 30, 0.000000, ZIP, 290, 10, 29.030963, 82, 101, 
sess0002, 000128, 77, 83, AA, 1003, 20, 50.194582, GVWY, 1134, 20, 56.739936, SNPR, 0, 30, 0.000000, ZIP, 290, 10, 29.030963, 77, 83, 
sess0002, 000129, 77, 114, AA, 1065, 20, 53.294582, GVWY, 1134, 20, 56.739936, SNPR, 0, 30, 0.000000, ZIP, 290, 10, 29.030963, 77, 114, 
sess0002, 000132, 84, 110, AA, 1065, 20, 53.294582, GVWY, 1177, 20, 58.889936, SNPR, 0, 30, 0.000000, ZIP, 290, 10, 29.030963, 84, 110, 
sess0002, 000133, 84, 114, AA, 1068, 20, 53.403224, GVWY, 1193, 20, 59.681294, SNPR, 0, 30, 0.000000, ZIP, 290, 10, 29.030963, 84, 114, 
sess0002, 000137, 85, 90, AA, 1153, 20, 57.653224, GVWY, 1193, 20, 59.681294, SNPR, 0, 30, 0.000000, ZIP, 290, 10, 29.030963, 85, 90, 
sess0002, 000137, 85, 112, AA, 1173, 20, 58.696811, GVWY, 1218, 20, 60.937708, SNPR, 0, 30, 0.000000, ZIP, 290, 10, 29.030963, 85, 112, 
sess0002, 000137, 77, 112, AA, 1173, 20, 58.696811, GVWY, 1220, 20, 61.037708, SNPR, 0, 30, 0.000000, ZIP, 311, 10, 31.130963, 77, 112, 
sess0002, 000138, 98, 112, AA, 1222, 20, 61.146811, GVWY, 1220, 20, 61.037708, SNPR, 0, 30, 0.000000, ZIP, 311, 10, 31.130963, 98, 112, 
sess0002, 000138, 98, 114, AA, 1222, 20, 61.146811, GVWY, 1245, 20, 62.287708, SNPR, 0, 30, 0.000000, ZIP, 312, 10, 31.230963, 98, 114, 
sess0002, 000140, 79, 114, AA, 1222, 20, 61.146811, GVWY, 1252, 20, 62.637708, SNPR, 0, 30, 0.000000, ZIP, 312, 10, 31.230963, 79, 114, 
sess0002, 000146, 96, 98, AA, 1222, 20, 61.146811, GVWY, 1274, 20, 63.737708, SNPR, 0, 30, 0.000000, ZIP, 324, 10, 32.430963, 96, 98, 
sess0002, 000146, 96, 114, AA, 1256, 20, 62.846811, GVWY, 1274, 20, 63.737708, SNPR, 0, 30, 0.000000, ZIP, 324, 10, 32.430963, 96, 114, 
sess0002, 000151, 100, 106, AA, 1256, 20, 62.846811, GVWY, 1323, 20, 66.187708, SNPR, 0, 30, 0.000000, ZIP, 362, 10, 36.230963, 100, 106, 
sess0002, 000152, 81, 106, AA, 1281, 20, 64.096811, GVWY, 1323, 20, 66.187708, SNPR, 0, 30, 0.000000, ZIP, 362, 10, 36.230963, 81, 106, 
sess0002, 000154, 81, 106, AA, 1309, 20, 65.496811, GVWY, 1323, 20, 66.187708, SNPR, 0, 30, 0.000000, ZIP, 362, 10, 36.230963, 81, 106, 
sess0002, 000155, 81, 101, AA, 1314, 20, 65.746811, GVWY, 1323, 20, 66.187708, SNPR, 0, 30, 0.000000, ZIP, 362, 10, 36.230963, 81, 101, 
sess0002, 000156, 82, 114, AA, 1341, 20, 67.062198, GVWY, 1356, 20, 67.822320, SNPR, 0, 30, 0.000000, ZIP, 362, 10, 36.230963, 82, 114, 
sess0002, 000157, 101, 114, AA, 1348, 20, 67.428865, GVWY, 1390, 20, 69.505654, SNPR, 0, 30, 0.000000, ZIP, 362, 10, 36.230963, 101, 114, 
sess0002, 000159, 102, 114, AA, 1349, 20, 67.462198, GVWY, 1401, 20, 70.072320, SNPR, 0, 30, 0.000000, ZIP, 362, 10, 36.230963, 102, 114, 
sess0002, 000162, 101, 104, AA, 1385, 20, 69.262198, GVWY, 1401, 20, 70.072320, SNPR, 0, 30, 0.000000, ZIP, 401, 10, 40.130963, 101, 104, 
sess0002, 000163, 84, 104, AA, 1385, 20, 69.262198, GVWY, 1404, 20, 70.222320, SNPR, 0, 30, 0.000000, ZIP, 401, 10, 40.130963, 84, 104, 
sess0002, 000163, 84, 112, AA, 1424, 20, 71.217754, GVWY, 1419, 20, 70.966765, SNPR, 0, 30, 0.000000, ZIP, 401, 10, 40.130963, 84, 112, 
sess0002, 000164, 84, 114, AA, 1424, 20, 71.217754, GVWY, 1423, 20, 71.166765, SNPR, 0, 30, 0.000000, ZIP, 402, 10, 40.230963, 84, 114, 
sess0002, 000164, 74, 114, AA, 1424, 20, 71.244695, GVWY, 1455, 20, 72.789823, SNPR, 0, 30, 0.000000, ZIP, 402, 10, 40.230963, 74, 114, 
sess0002, 000165, 74, 114, AA, 1427, 20, 71.378028, GVWY, 1481, 20, 74.056490, SNPR, 0, 30, 0.000000, ZIP, 402, 10, 40.230963, 74, 114, 
sess0002, 000173, 77, 99, AA, 1427, 20, 71.378028, GVWY, 1490, 20, 74.506490, SNPR, 0, 30, 0.000000, ZIP, 421, 10, 42.130963, 77, 99, 
sess0002, 000177, 98, 101, AA, 1460, 20, 73.028028, GVWY, 1490, 20, 74.506490, SNPR, 0, 30, 0.000000, ZIP, 435, 10, 43.530963, 98, 101, 
sess0002, 000178, 98, 114, AA, 1488, 20, 74.428028, GVWY, 1490, 20, 74.506490, SNPR, 0, 30, 0.000000, ZIP, 435, 10, 43.530963, 98, 114, 
sess0002, 000180, 99, 116, AA, 1550, 20, 77.528028, GVWY, 1490, 20, 74.506490, SNPR, 0, 30, 0.000000, ZIP, 435, 10, 43.530963, 99, 116, 
sess0002, 000181, 99, 121, AA, 1550, 20, 77.528028, GVWY, 1495, 20, 74.756490, SNPR, 0, 30, 0.000000, ZIP, 435, 10, 43.530963, 99, 121, 
sess0002, 000181, 99, 121, AA, 1550, 20, 77.528028, GVWY, 1518, 20, 75.906490, SNPR, 0, 30, 0.000000, ZIP, 435, 10, 43.530963, 99, 121, 
sess0002, 000182, 105, 121, AA, 1550, 20, 77.528028, GVWY, 1528, 20, 76.406490, SNPR, 0, 30, 0.000000, ZIP, 435, 10, 43.530963, 105, 121, 
sess0002, 000182, 77, 121, AA, 1550, 20, 77.528028, GVWY, 1550, 20, 77.506490, SNPR, 0, 30, 0.000000, ZIP, 436, 10, 43.630963, 77, 121, 
sess0002, 000183, 74, 134, AA, 1550, 20, 77.528028, GVWY, 1566, 20, 78.306490, SNPR, 0, 30, 0.000000, ZIP, 436, 10, 43.630963, 74, 134, 
sess0002, 000186, 77, 91, AA, 1583, 20, 79.178028, GVWY, 1566, 20, 78.306490, SNPR, 0, 30, 0.000000, ZIP, 436, 10, 43.630963, 77, 91, 
sess0002, 000189, 83, 117, AA, 1583, 20, 79.178028, GVWY, 1619, 20, 80.956490, SNPR, 0, 30, 0.000000, ZIP, 436, 10, 43.630963, 83, 117, 
sess0002, 000194, 87, 98, AA, 1609, 20, 80.465856, GVWY, 1645, 20, 82.268662, SNPR, 0, 30, 0.000000, ZIP, 436, 10, 43.630963, 87, 98, 
sess0002, 000196, 95, 101, AA, 1640, 20, 82.015856, GVWY, 1645, 20, 82.268662, SNPR, 0, 30, 0.000000, ZIP, 436, 10, 43.630963, 95, 101, 
sess0002, 000198, 97, 100, AA, 1649, 20, 82.465856, GVWY, 1645, 20, 82.268662, SNPR, 0, 30, 0.000000, ZIP, 481, 10, 48.130963, 97, 100, 
sess0002, 000198, 87, 99, AA, 1668, 20, 83.415856, GVWY, 1645, 20, 82.268662, SNPR, 0, 30, 0.000000, ZIP, 490, 10, 49.030963, 87, 99, 
sess0002, 000200, 87, 111, AA, 1719, 20, 85.965856, GVWY, 1645, 20, 82.268662, SNPR, 0, 30, 0.000000, ZIP, 504, 10, 50.430963, 87, 111, 
sess0002, 000201, 101, 111, AA, 1724, 20, 86.232523, GVWY, 1648, 20, 82.401995, SNPR, 0, 30, 0.000000, ZIP, 504, 10, 50.430963, 101, 111, 
sess0002, 000203, 87, 111, AA, 1760, 20, 88.032523, GVWY, 1648, 20, 82.401995, SNPR, 0, 30, 0.000000, ZIP, 504, 10, 50.430963, 87, 111, 
sess0002, 000204, 97, 117, AA, 1760, 20, 88.032523, GVWY, 1653, 20, 82.651995, SNPR, 0, 30, 0.000000, ZIP, 504, 10, 50.430963, 97, 117, 
sess0002, 000206, 87, 117, AA, 1830, 20, 91.532523, GVWY, 1653, 20, 82.651995, SNPR, 0, 30, 0.000000, ZIP, 504, 10, 50.430963, 87, 117, 
sess0002, 000207, 77, 117, AA, 1830, 20, 91.535152, GVWY, 1688, 20, 84.449366, SNPR, 0, 30, 0.000000, ZIP, 504, 10, 50.430963, 77, 117, 
sess0002, 000208, 81, 117, AA, 1830, 20, 91.535152, GVWY, 1691, 20, 84.599366, SNPR, 0, 30, 0.000000, ZIP, 529, 10, 52.930963, 81, 117, 
sess0002, 000210, 80, 117, AA, 1831, 20, 91.553738, GVWY, 1719, 20, 85.980780, SNPR, 0, 30, 0.000000, ZIP, 529, 10, 52.930963, 80, 117, 
sess0002, 000212, 81, 113, AA, 1859, 20, 92.953738, GVWY, 1719, 20, 85.980780, SNPR, 0, 30, 0.000000, ZIP, 529, 10, 52.930963, 81, 113, 
sess0002, 000214, 84, 113, AA, 1886, 20, 94.322844, GVWY, 1767, 20, 88.361674, SNPR, 0, 30, 0.000000, ZIP, 529, 10, 52.930963, 84, 113, 
sess0002, 000216, 84, 91, AA, 1887, 20, 94.395784, GVWY, 1801, 20, 90.088735, SNPR, 0, 30, 0.000000, ZIP, 529, 10, 52.930963, 84, 91, 
sess0002, 000217, 84, 91, AA, 1906, 20, 95.307907, GVWY, 1801, 20, 90.088735, SNPR, 0, 30, 0.000000, ZIP, 586, 10, 58.606717, 84, 91, 
sess0002, 000217, 84, 101, AA, 1906, 20, 95.307907, GVWY, 1829, 20, 91.488735, SNPR, 0, 30, 0.000000, ZIP, 586, 10, 58.606717, 84, 101, 
sess0002, 000223, 84, 101, AA, 1917, 20, 95.893915, GVWY, 1848, 20, 92.402727, SNPR, 0, 30, 0.000000, ZIP, 586, 10, 58.606717, 84, 101, 
sess0002, 000225, 74, 98, AA, 1917, 20, 95.893987, GVWY, 1878, 20, 93.902655, SNPR, 0, 30, 0.000000, ZIP, 586, 10, 58.606717, 74, 98, 
sess0002, 000226, 74, 101, AA, 1917, 20, 95.893987, GVWY, 1891, 20, 94.552655, SNPR, 0, 30, 0.000000, ZIP, 586, 10, 58.606717, 74, 101, 
sess0002, 000230, 86, 101, AA, 1917, 20, 95.893987, GVWY, 1900, 20, 95.002655, SNPR, 0, 30, 0.000000, ZIP, 598, 10, 59.806717, 86, 101, 
sess0002, 000232, 87, 101, AA, 1928, 20, 96.427320, GVWY, 1909, 20, 95.469321, SNPR, 0, 30, 0.000000, ZIP, 598, 10, 59.806717, 87, 101, 
sess0002, 000233, 81, 101, AA, 1953, 20, 97.677320, GVWY, 1909, 20, 95.469321, SNPR, 0, 30, 0.000000, ZIP, 614, 10, 61.406717, 81, 101, 
sess0002, 000233, 81, 113, AA, 1953, 20, 97.677320, GVWY, 1952, 20, 97.619321, SNPR, 0, 30, 0.000000, ZIP, 614, 10, 61.406717, 81, 113, 
sess0002, 000234, 82, 113, AA, 1990, 20, 99.527320, GVWY, 1952, 20, 97.619321, SNPR, 0, 30, 0.000000, ZIP, 621, 10, 62.106717, 82, 113, 
sess0002, 000236, 107, 114, AA, 2009, 20, 100.477320, GVWY, 1952, 20, 97.619321, SNPR, 0, 30, 0.000000, ZIP, 623, 10, 62.306717, 107, 114, 
sess0002, 000236, 82, 114, AA, 2056, 20, 102.827320, GVWY, 1952, 20, 97.619321, SNPR, 0, 30, 0.000000, ZIP, 623, 10, 62.306717, 82, 114, 
sess0002, 000239, 98, 117, AA, 2056, 20, 102.827320, GVWY, 1959, 20, 97.969321, SNPR, 0, 30, 0.000000, ZIP, 623, 10, 62.306717, 98, 117, 
sess0002, 000240, 98, 121, AA, 2056, 20, 102.827320, GVWY, 1959, 20, 97.969321, SNPR, 0, 30, 0.000000, ZIP, 623, 10, 62.306717, 98, 121, 
sess0002, 000242, 98, 121, AA, 2074, 20, 103.700932, GVWY, 1964, 20, 98.245710, SNPR, 0, 30, 0.000000, ZIP, 623, 10, 62.306717, 98, 121, 
sess0002, 000248, 74, 108, AA, 2074, 20, 103.700932, GVWY, 1971, 20, 98.595710, SNPR, 0, 30, 0.000000, ZIP, 623, 10, 62.306717, 74, 108, 
sess0002, 000250, 81, 90, AA, 2097, 20, 104.850932, GVWY, 1971, 20, 98.595710, SNPR, 0, 30, 0.000000, ZIP, 623, 10, 62.306717, 81, 90, 
sess0002, 000251, 75, 90, AA, 2113, 20, 105.650932, GVWY, 1971, 20, 98.595710, SNPR, 0, 30, 0.000000, ZIP, 623, 10, 62.306717, 75, 90, 
sess0002, 000253, 76, 98, AA, 2113, 20, 105.650932, GVWY, 1989, 20, 99.495710, SNPR, 0, 30, 0.000000, ZIP, 626, 10, 62.606717, 76, 98, 
sess0002, 000254, 76, 101, AA, 2118, 20, 105.900932, GVWY, 1989, 20, 99.495710, SNPR, 0, 30, 0.000000, ZIP, 626, 10, 62.606717, 76, 101, 
sess0002, 000256, 76, 108, AA, 2118, 20, 105.900932, GVWY, 2007, 20, 100.395710, SNPR, 0, 30, 0.000000, ZIP, 626, 10, 62.606717, 76, 108, 
sess0002, 000260, 76, 103, AA, 2146, 20, 107.336089, GVWY, 2059, 20, 102.960552, SNPR, 0, 30, 0.000000, ZIP, 626, 10, 62.606717, 76, 103, 
sess0002, 000262, 92, 103, AA, 2156, 20, 107.846494, GVWY, 2059, 20, 102.960552, SNPR, 0, 30, 0.000000, ZIP, 669, 10, 66.985907, 92, 103, 
sess0002, 000263, 92, 121, AA, 2157, 20, 107.856899, GVWY, 2072, 20, 103.600147, SNPR, 0, 30, 0.000000, ZIP, 669, 10, 66.985907, 92, 121, 
sess0002, 000263, 76, 121, AA, 2193, 20, 109.685912, GVWY, 2081, 20, 104.071134, SNPR, 0, 30, 0.000000, ZIP, 669, 10, 66.985907, 76, 121, 
sess0002, 000263, 76, 139, AA, 2193, 20, 109.685912, GVWY, 2081, 20, 104.071134, SNPR, 0, 30, 0.000000, ZIP, 669, 10, 66.985907, 76, 139, 
sess0002, 000264, 76, 115, AA, 2224, 20, 111.236375, GVWY, 2117, 20, 105.870672, SNPR, 0, 30, 0.000000, ZIP, 669, 10, 66.985907, 76, 115, 
sess0002, 000265, 76, 116, AA, 2262, 20, 113.103042, GVWY, 2146, 20, 107.304005, SNPR, 0, 30, 0.000000, ZIP, 669, 10, 66.985907, 76, 116, 
sess0002, 000267, 80, 101, AA, 2292, 20, 114.603042, GVWY, 2146, 20, 107.304005, SNPR, 0, 30, 0.000000, ZIP, 680, 10, 68.085907, 80, 101, 
sess0002, 000270, 87, 98, AA, 2349, 20, 117.468423, GVWY, 2183, 20, 109.188624, SNPR, 0, 30, 0.000000, ZIP, 680, 10, 68.085907, 87, 98, 
sess0002, 000271, 87, 114, AA, 2349, 20, 117.468423, GVWY, 2193, 20, 109.688624, SNPR, 0, 30, 0.000000, ZIP, 693, 10, 69.385907, 87, 114, 
sess0002, 000274, 87, 98, AA, 2349, 20, 117.468423, GVWY, 2239, 20, 111.988624, SNPR, 0, 30, 0.000000, ZIP, 693, 10, 69.385907, 87, 98, 
sess0002, 000276, 87, 105, AA, 2361, 20, 118.080742, GVWY, 2286, 20, 114.326305, SNPR, 0, 30, 0.000000, ZIP, 693, 10, 69.385907, 87, 105, 
sess0002, 000277, 87, 114, AA, 2363, 20, 118.170001, GVWY, 2325, 20, 116.287046, SNPR, 0, 30, 0.000000, ZIP, 693, 10, 69.385907, 87, 114, 
sess0002, 000279, 87, 114, AA, 2397, 20, 119.862321, GVWY, 2337, 20, 116.894726, SNPR, 0, 30, 0.000000, ZIP, 693, 10, 69.385907, 87, 114, 
sess0002, 000283, 98, 114, AA, 2397, 20, 119.862321, GVWY, 2344, 20, 117.244726, SNPR, 0, 30, 0.000000, ZIP, 693, 10, 69.385907, 98, 114, 
sess0002, 000287, 80, 107, AA, 2397, 20, 119.862321, GVWY, 2387, 20, 119.394726, SNPR, 0, 30, 0.000000, ZIP, 693, 10, 69.385907, 80, 107, 
sess0002, 000291, 84, 98, AA, 2459, 20, 122.962321, GVWY, 2387, 20, 119.394726, SNPR, 0, 30, 0.000000, ZIP, 693, 10, 69.385907, 84, 98, 
sess0002, 000291, 84, 114, AA, 2459, 20, 122.962321, GVWY, 2400, 20, 120.044726, SNPR, 0, 30, 0.000000, ZIP, 693, 10, 69.385907, 84, 114, 
sess0002, 000293, 85, 114, AA, 2459, 20, 122.962321, GVWY, 2405, 20, 120.294726, SNPR, 0, 30, 0.000000, ZIP, 696, 10, 69.685907, 85, 114, 
sess0002, 000295, 87, 91, AA, 2482, 20, 124.128424, GVWY, 2418, 20, 120.928622, SNPR, 0, 30, 0.000000, ZIP, 696, 10, 69.685907, 87, 91, 
sess0002, 000296, 90, 94, AA, 2541, 20, 127.078424, GVWY, 2418, 20, 120.928622, SNPR, 0, 30, 0.000000, ZIP, 696, 10, 69.685907, 90, 94, 
sess0002, 000297, 87, 114, AA, 2581, 20, 129.078424, GVWY, 2418, 20, 120.928622, SNPR, 0, 30, 0.000000, ZIP, 708, 10, 70.885907, 87, 114, 
sess0002, 000298, 81, 92, AA, 2582, 20, 129.109151, GVWY, 2422, 20, 121.147895, SNPR, 0, 30, 0.000000, ZIP, 708, 10, 70.885907, 81, 92, 
sess0002, 000299, 87, 114, AA, 2607, 20, 130.362864, GVWY, 2456, 20, 122.844182, SNPR, 0, 30, 0.000000, ZIP, 708, 10, 70.885907, 87, 114, 
sess0002, 000300, 92, 114, AA, 2607, 20, 130.362864, GVWY, 2456, 20, 122.844182, SNPR, 0, 30, 0.000000, ZIP, 765, 10, 76.585907, 92, 114, 
sess0002, 000301, 102, 114, AA, 2648, 20, 132.412864, GVWY, 2456, 20, 122.844182, SNPR, 0, 30, 0.000000, ZIP, 765, 10, 76.585907, 102, 114, 
sess0002, 000302, 102, 116, AA, 2684, 20, 134.212864, GVWY, 2456, 20, 122.844182, SNPR, 0, 30, 0.000000, ZIP, 765, 10, 76.585907, 102, 116, 
sess0002, 000303, 105, 116, AA, 2724, 20, 136.241198, GVWY, 2465, 20, 123.265849, SNPR, 0, 30, 0.000000, ZIP, 765, 10, 76.585907, 105, 116, 
sess0002, 000306, 102, 116, AA, 2764, 20, 138.241198, GVWY, 2465, 20, 123.265849, SNPR, 0, 30, 0.000000, ZIP, 766, 10, 76.685907, 102, 116, 
sess0002, 000308, 102, 116, AA, 2779, 20, 138.987124, GVWY, 2478, 20, 123.919923, SNPR, 0, 30, 0.000000, ZIP, 766, 10, 76.685907, 102, 116, 
sess0002, 000310, 102, 111, AA, 2816, 20, 140.814367, GVWY, 2495, 20, 124.792680, SNPR, 0, 30, 0.000000, ZIP, 766, 10, 76.685907, 102, 111, 
sess0002, 000311, 102, 116, AA, 2816, 20, 140.814367, GVWY, 2495, 20, 124.792680, SNPR, 0, 30, 0.000000, ZIP, 766, 10, 76.685907, 102, 116, 
sess0002, 000312, 101, 116, AA, 2816, 20, 140.823983, GVWY, 2515, 20, 125.783064, SNPR, 0, 30, 0.000000, ZIP, 766, 10, 76.685907, 101, 116, 
sess0002, 000316, 108, 116, AA, 2816, 20, 140.823983, GVWY, 2545, 20, 127.283064, SNPR, 0, 30, 0.000000, ZIP, 766, 10, 76.685907, 108, 116, 
sess0002, 000317, 103, 116, AA, 2816, 20, 140.823983, GVWY, 2545, 20, 127.283064, SNPR, 0, 30, 0.000000, ZIP, 789, 10, 78.985907, 103, 116, 
sess0002, 000318, 103, 116, AA, 2848, 20, 142.420650, GVWY, 2572, 20, 128.636397, SNPR, 0, 30, 0.000000, ZIP, 789, 10, 78.985907, 103, 116, 
sess0002, 000320, 101, 116, AA, 2848, 20, 142.420650, GVWY, 2585, 20, 129.286397, SNPR, 0, 30, 0.000000, ZIP, 791, 10, 79.185907, 101, 116, 
sess0002, 000321, 98, 111, AA, 2848, 20, 142.420650, GVWY, 2634, 20, 131.736397, SNPR, 0, 30, 0.000000, ZIP, 791, 10, 79.185907, 98, 111, 
sess0002, 000325, 100, 105, AA, 2877, 20, 143.870650, GVWY, 2634, 20, 131.736397, SNPR, 0, 30, 0.000000, ZIP, 791, 10, 79.185907, 100, 105, 
sess0002, 000326, 98, 116, AA, 2915, 20, 145.770650, GVWY, 2634, 20, 131.736397, SNPR, 0, 30, 0.000000, ZIP, 833, 10, 83.385907, 98, 116, 
sess0002, 000329, 98, 101, AA, 2918, 20, 145.937316, GVWY, 2636, 20, 131.819730, SNPR, 0, 30, 0.000000, ZIP, 833, 10, 83.385907, 98, 101, 
sess0002, 000332, 98, 102, AA, 2918, 20, 145.937316, GVWY, 2679, 20, 133.969730, SNPR, 0, 30, 0.000000, ZIP, 833, 10, 83.385907, 98, 102, 
sess0002, 000332, 74, 102, AA, 2918, 20, 145.937316, GVWY, 2722, 20, 136.119730, SNPR, 0, 30, 0.000000, ZIP, 833, 10, 83.385907, 74, 102, 
sess0002, 000334, 83, 116, AA, 2918, 20, 145.937316, GVWY, 2729, 20, 136.469730, SNPR, 0, 30, 0.000000, ZIP, 854, 10, 85.485907, 83, 116, 
sess0002, 000337, 77, 90, AA, 2939, 20, 146.987316, GVWY, 2729, 20, 136.469730, SNPR, 0, 30, 0.000000, ZIP, 854, 10, 85.485907, 77, 90, 
sess0002, 000339, 81, 83, AA, 2946, 20, 147.337316, GVWY, 2729, 20, 136.469730, SNPR, 0, 30, 0.000000, ZIP, 854, 10, 85.485907, 81, 83, 
sess0002, 000340, 77, 83, AA, 2959, 20, 147.987316, GVWY, 2729, 20, 136.469730, SNPR, 0, 30, 0.000000, ZIP, 854, 10, 85.485907, 77, 83, 
sess0002, 000340, 77, 91, AA, 3047, 20, 152.387316, GVWY, 2729, 20, 136.469730, SNPR, 0, 30, 0.000000, ZIP, 854, 10, 85.485907, 77, 91, 
sess0002, 000344, 83, 87, AA, 3047, 20, 152.387316, GVWY, 2760, 20, 138.019730, SNPR, 0, 30, 0.000000, ZIP, 874, 10, 87.485907, 83, 87, 
sess0002, 000344, 83, 112, AA, 3047, 20, 152.387316, GVWY, 2771, 20, 138.569730, SNPR, 0, 30, 0.000000, ZIP, 876, 10, 87.685907, 83, 112, 
sess0002, 000348, 84, 105, AA, 3047, 20, 152.387316, GVWY, 2771, 20, 138.569730, SNPR, 0, 30, 0.000000, ZIP, 938, 10, 93.885907, 84, 105, 
sess0002, 000350, 84, 105, AA, 3077, 20, 153.884847, GVWY, 2787, 20, 139.372199, SNPR, 0, 30, 0.000000, ZIP, 938, 10, 93.885907, 84, 105, 
sess0002, 000351, 84, 104, AA, 3111, 20, 155.558304, GVWY, 2794, 20, 139.748743, SNPR, 0, 30, 0.000000, ZIP, 938, 10, 93.885907, 84, 104, 
sess0002, 000354, 84, 98, AA, 3115, 20, 155.785729, GVWY, 2821, 20, 141.071318, SNPR, 0, 30, 0.000000, ZIP, 938, 10, 93.885907, 84, 98, 
sess0002, 000355, 84, 103, AA, 3120, 20, 156.035729, GVWY, 2821, 20, 141.071318, SNPR, 0, 30, 0.000000, ZIP, 938, 10, 93.885907, 84, 103, 
sess0002, 000357, 84, 103, AA, 3120, 20, 156.035729, GVWY, 2821, 20, 141.071318, SNPR, 0, 30, 0.000000, ZIP, 938, 10, 93.885907, 84, 103, 
sess0002, 000357, 77, 103, AA, 3121, 20, 156.055482, GVWY, 2854, 20, 142.701565, SNPR, 0, 30, 0.000000, ZIP, 938, 10, 93.885907, 77, 103, 
sess0002, 000357, 77, 112, AA, 3121, 20, 156.060684, GVWY, 2871, 20, 143.596362, SNPR, 0, 30, 0.000000, ZIP, 938, 10, 93.885907, 77, 112, 
sess0002, 000358, 77, 114, AA, 3121, 20, 156.060684, GVWY, 2875, 20, 143.796362, SNPR, 0, 30, 0.000000, ZIP, 939, 10, 93.985907, 77, 114, 
sess0002, 000361, 77, 114, AA, 3154, 20, 157.710684, GVWY, 2875, 20, 143.796362, SNPR, 0, 30, 0.000000, ZIP, 939, 10, 93.985907, 77, 114, 
sess0002, 000361, 77, 91, AA, 3174, 20, 158.727489, GVWY, 2927, 20, 146.379557, SNPR, 0, 30, 0.000000, ZIP, 939, 10, 93.985907, 77, 91, 
sess0002, 000362, 77, 114, AA, 3174, 20, 158.727489, GVWY, 2957, 20, 147.879557, SNPR, 0, 30, 0.000000, ZIP, 939, 10, 93.985907, 77, 114, 
sess0002, 000365, 87, 116, AA, 3174, 20, 158.727489, GVWY, 2980, 20, 149.029557, SNPR, 0, 30, 0.000000, ZIP, 939, 10, 93.985907, 87, 116, 
sess0002, 000366, 87, 121, AA, 3174, 20, 158.727489, GVWY, 3008, 20, 150.429557, SNPR, 0, 30, 0.000000, ZIP, 939, 10, 93.985907, 87, 121, 
sess0002, 000371, 118, 134, AA, 3185, 20, 159.277489, GVWY, 3008, 20, 150.429557, SNPR, 0, 30, 0.000000, ZIP, 939, 10, 93.985907, 118, 134, 
sess0002, 000373, 127, 130, AA, 3186, 20, 159.344156, GVWY, 3035, 20, 151.762891, SNPR, 0, 30, 0.000000, ZIP, 939, 10, 93.985907, 127, 130, 
sess0002, 000373, 127, 130, AA, 3269, 20, 163.494156, GVWY, 3035, 20, 151.762891, SNPR, 0, 30, 0.000000, ZIP, 939, 10, 93.985907, 127, 130, 
sess0002, 000375, 111, 134, AA, 3271, 20, 163.594156, GVWY, 3035, 20, 151.762891, SNPR, 0, 30, 0.000000, ZIP, 955, 10, 95.585907, 111, 134, 
sess0002, 000379, 108, 134, AA, 3279, 20, 163.994156, GVWY, 3035, 20, 151.762891, SNPR, 0, 30, 0.000000, ZIP, 955, 10, 95.585907, 108, 134, 
sess0002, 000382, 108, 121, AA, 3279, 20, 163.994156, GVWY, 3037, 20, 151.862891, SNPR, 0, 30, 0.000000, ZIP, 992, 10, 99.285907, 108, 121, 
sess0002, 000383, 101, 108, AA, 3299, 20, 164.994156, GVWY, 3037, 20, 151.862891, SNPR, 0, 30, 0.000000, ZIP, 992, 10, 99.285907, 101, 108, 
sess0002, 000384, 98, 111, AA, 3338, 20, 166.944156, GVWY, 3037, 20, 151.862891, SNPR, 0, 30, 0.000000, ZIP, 992, 10, 99.285907, 98, 111, 
sess0002, 000385, 98, 111, AA, 3371, 20, 168.594156, GVWY, 3037, 20, 151.862891, SNPR, 0, 30, 0.000000, ZIP, 992, 10, 99.285907, 98, 111, 
sess0002, 000387, 74, 105, AA, 3371, 20, 168.594156, GVWY, 3037, 20, 151.862891, SNPR, 0, 30, 0.000000, ZIP, 992, 10, 99.285907, 74, 105, 
sess0002, 000388, 80, 105, AA, 3375, 20, 168.757119, GVWY, 3063, 20, 153.199928, SNPR, 0, 30, 0.000000, ZIP, 992, 10, 99.285907, 80, 105, 
sess0002, 000390, 97, 111, AA, 3375, 20, 168.757119, GVWY, 3074, 20, 153.749928, SNPR, 0, 30, 0.000000, ZIP, 1012, 10, 101.285907, 97, 111, 
sess0002, 000390, 84, 111, AA, 3375, 20, 168.757119, GVWY, 3088, 20, 154.449928, SNPR, 0, 30, 0.000000, ZIP, 1021, 10, 102.185907, 84, 111, 
sess0002, 000394, 80, 91, AA, 3398, 20, 169.907119, GVWY, 3088, 20, 154.449928, SNPR, 0, 30, 0.000000, ZIP, 1021, 10, 102.185907, 80, 91, 
sess0002, 000394, 80, 91, AA, 3417, 20, 170.858045, GVWY, 3121, 20, 156.099002, SNPR, 0, 30, 0.000000, ZIP, 1021, 10, 102.185907, 80, 91, 
sess0002, 000395, 74, 91, AA, 3419, 20, 170.954341, GVWY, 3151, 20, 157.552705, SNPR, 0, 30, 0.000000, ZIP, 1021, 10, 102.185907, 74, 91, 
sess0002, 000396, 75, 111, AA, 3419, 20, 170.954341, GVWY, 3181, 20, 159.052705, SNPR, 0, 30, 0.000000, ZIP, 1021, 10, 102.185907, 75, 111, 
sess0002, 000396, 101, 114, AA, 3419, 20, 170.954341, GVWY, 3181, 20, 159.052705, SNPR, 0, 30, 0.000000, ZIP, 1021, 10, 102.185907, 101, 114, 
sess0002, 000397, 74, 107, AA, 3419, 20, 170.954341, GVWY, 3181, 20, 159.052705, SNPR, 0, 30, 0.000000, ZIP, 1037, 10, 103.785907, 74, 107, 
sess0002, 000399, 74, 78, AA, 3421, 20, 171.087675, GVWY, 3204, 20, 160.219372, SNPR, 0, 30, 0.000000, ZIP, 1037, 10, 103.785907, 74, 78, 
sess0002, 000399, 74, 112, AA, 3438, 20, 171.917253, GVWY, 3204, 20, 160.219372, SNPR, 0, 30, 0.000000, ZIP, 1101, 10, 110.126750, 74, 112, 
sess0002, 000402, 74, 112, AA, 3485, 20, 174.267253, GVWY, 3204, 20, 160.219372, SNPR, 0, 30, 0.000000, ZIP, 1101, 10, 110.126750, 74, 112, 
sess0002, 000404, 74, 112, AA, 3528, 20, 176.439753, GVWY, 3209, 20, 160.496872, SNPR, 0, 30, 0.000000, ZIP, 1101, 10, 110.126750, 74, 112, 
sess0002, 000408, 74, 104, AA, 3530, 20, 176.501207, GVWY, 3241, 20, 162.085418, SNPR, 0, 30, 0.000000, ZIP, 1101, 10, 110.126750, 74, 104, 
sess0002, 000410, 98, 112, AA, 3571, 20, 178.551207, GVWY, 3241, 20, 162.085418, SNPR, 0, 30, 0.000000, ZIP, 1101, 10, 110.126750, 98, 112, 
sess0002, 000411, 99, 112, AA, 3574, 20, 178.717873, GVWY, 3241, 20, 162.085418, SNPR, 0, 30, 0.000000, ZIP, 1120, 10, 112.093417, 99, 112, 
sess0002, 000411, 98, 112, AA, 3574, 20, 178.717873, GVWY, 3242, 20, 162.135418, SNPR, 0, 30, 0.000000, ZIP, 1127, 10, 112.793417, 98, 112, 
sess0002, 000412, 98, 114, AA, 3574, 20, 178.717873, GVWY, 3267, 20, 163.385418, SNPR, 0, 30, 0.000000, ZIP, 1128, 10, 112.893417, 98, 114, 
sess0002, 000415, 98, 116, AA, 3574, 20, 178.717873, GVWY, 3269, 20, 163.485418, SNPR, 0, 30, 0.000000, ZIP, 1128, 10, 112.893417, 98, 116, 
sess0002, 000420, 98, 101, AA, 3594, 20, 179.735373, GVWY, 3279, 20, 163.967918, SNPR, 0, 30, 0.000000, ZIP, 1128, 10, 112.893417, 98, 101, 
sess0002, 000421, 74, 101, AA, 3622, 20, 181.135373, GVWY, 3279, 20, 163.967918, SNPR, 0, 30, 0.000000, ZIP, 1128, 10, 112.893417, 74, 101, 
sess0002, 000422, 77, 116, AA, 3622, 20, 181.135373, GVWY, 3322, 20, 166.117918, SNPR, 0, 30, 0.000000, ZIP, 1128, 10, 112.893417, 77, 116, 
sess0002, 000427, 84, 111, AA, 3622, 20, 181.135373, GVWY, 3340, 20, 167.017918, SNPR, 0, 30, 0.000000, ZIP, 1128, 10, 112.893417, 84, 111, 
sess0002, 000428, 97, 114, AA, 3630, 20, 181.535373, GVWY, 3340, 20, 167.017918, SNPR, 0, 30, 0.000000, ZIP, 1128, 10, 112.893417, 97, 114, 
sess0002, 000429, 102, 113, AA, 3670, 20, 183.520373, GVWY, 3354, 20, 167.732918, SNPR, 0, 30, 0.000000, ZIP, 1128, 10, 112.893417, 102, 113, 
sess0002, 000431, 102, 113, AA, 3690, 20, 184.501207, GVWY, 3391, 20, 169.552085, SNPR, 0, 30, 0.000000, ZIP, 1128, 10, 112.893417, 102, 113, 
sess0002, 000433, 102, 113, AA, 3690, 20, 184.534540, GVWY, 3392, 20, 169.618751, SNPR, 0, 30, 0.000000, ZIP, 1128, 10, 112.893417, 102, 113, 
sess0002, 000434, 102, 107, AA, 3736, 20, 186.834540, GVWY, 3392, 20, 169.618751, SNPR, 0, 30, 0.000000, ZIP, 1152, 10, 115.293417, 102, 107, 
sess0002, 000434, 102, 104, AA, 3736, 20, 186.834540, GVWY, 3397, 20, 169.868751, SNPR, 0, 30, 0.000000, ZIP, 1170, 10, 117.093417, 102, 104, 
sess0002, 000436, 74, 101, AA, 3736, 20, 186.834540, GVWY, 3446, 20, 172.318751, SNPR, 0, 30, 0.000000, ZIP, 1175, 10, 117.593417, 74, 101, 
sess0002, 000437, 75, 101, AA, 3750, 20, 187.537452, GVWY, 3499, 20, 174.965840, SNPR, 0, 30, 0.000000, ZIP, 1175, 10, 117.593417, 75, 101, 
sess0002, 000438, 97, 113, AA, 3817, 20, 190.887452, GVWY, 3499, 20, 174.965840, SNPR, 0, 30, 0.000000, ZIP, 1175, 10, 117.593417, 97, 113, 
sess0002, 000441, 98, 113, AA, 3840, 20, 192.012452, GVWY, 3517, 20, 175.890840, SNPR, 0, 30, 0.000000, ZIP, 1175, 10, 117.593417, 98, 113, 
sess0002, 000442, 107, 114, AA, 3840, 20, 192.012452, GVWY, 3523, 20, 176.190840, SNPR, 0, 30, 0.000000, ZIP, 1177, 10, 117.793417, 107, 114, 
sess0002, 000448, 101, 114, AA, 3840, 20, 192.012452, GVWY, 3547, 20, 177.390840, SNPR, 0, 30, 0.000000, ZIP, 1212, 10, 121.293417, 101, 114, 
sess0002, 000451, 98, 103, AA, 3840, 20, 192.012452, GVWY, 3593, 20, 179.690840, SNPR, 0, 30, 0.000000, ZIP, 1212, 10, 121.293417, 98, 103, 
sess0002, 000451, 75, 107, AA, 3873, 20, 193.662452, GVWY, 3593, 20, 179.690840, SNPR, 0, 30, 0.000000, ZIP, 1212, 10, 121.293417, 75, 107, 
sess0002, 000453, 82, 88, AA, 3875, 20, 193.750914, GVWY, 3628, 20, 181.402378, SNPR, 0, 30, 0.000000, ZIP, 1212, 10, 121.293417, 82, 88, 
sess0002, 000453, 82, 114, AA, 3879, 20, 193.979968, GVWY, 3689, 20, 184.473324, SNPR, 0, 30, 0.000000, ZIP, 1212, 10, 121.293417, 82, 114, 
sess0002, 000455, 101, 116, AA, 3879, 20, 193.979968, GVWY, 3694, 20, 184.723324, SNPR, 0, 30, 0.000000, ZIP, 1212, 10, 121.293417, 101, 116, 
sess0002, 000456, 82, 116, AA, 3879, 20, 193.979968, GVWY, 3694, 20, 184.723324, SNPR, 0, 30, 0.000000, ZIP, 1212, 10, 121.293417, 82, 116, 
sess0002, 000461, 84, 108, AA, 3925, 20, 196.279968, GVWY, 3694, 20, 184.723324, SNPR, 0, 30, 0.000000, ZIP, 1212, 10, 121.293417, 84, 108, 
sess0002, 000463, 98, 108, AA, 3925, 20, 196.279968, GVWY, 3706, 20, 185.323324, SNPR, 0, 30, 0.000000, ZIP, 1251, 10, 125.193417, 98, 108, 
sess0002, 000465, 98, 114, AA, 3963, 20, 198.198394, GVWY, 3714, 20, 185.704898, SNPR, 0, 30, 0.000000, ZIP, 1251, 10, 125.193417, 98, 114, 
sess0002, 000466, 84, 107, AA, 3963, 20, 198.198394, GVWY, 3757, 20, 187.854898, SNPR, 0, 30, 0.000000, ZIP, 1251, 10, 125.193417, 84, 107, 
sess0002, 000467, 84, 100, AA, 4022, 20, 201.148394, GVWY, 3757, 20, 187.854898, SNPR, 0, 30, 0.000000, ZIP, 1251, 10, 125.193417, 84, 100, 
sess0002, 000468, 76, 100, AA, 4023, 20, 201.164405, GVWY, 3758, 20, 187.938887, SNPR, 0, 30, 0.000000, ZIP, 1251, 10, 125.193417, 76, 100, 
sess0002, 000474, 82, 88, AA, 4059, 20, 202.964405, GVWY, 3758, 20, 187.938887, SNPR, 0, 30, 0.000000, ZIP, 1251, 10, 125.193417, 82, 88, 
sess0002, 000476, 85, 87, AA, 4059, 20, 202.964405, GVWY, 3792, 20, 189.638887, SNPR, 0, 30, 0.000000, ZIP, 1258, 10, 125.893417, 85, 87, 
sess0002, 000476, 85, 90, AA, 4059, 20, 202.964405, GVWY, 3821, 20, 191.088887, SNPR, 0, 30, 0.000000, ZIP, 1260, 10, 126.093417, 85, 90, 
sess0002, 000476, 82, 98, AA, 4121, 20, 206.064405, GVWY, 3821, 20, 191.088887, SNPR, 0, 30, 0.000000, ZIP, 1260, 10, 126.093417, 82, 98, 
sess0002, 000478, 90, 98, AA, 4175, 20, 208.764405, GVWY, 3821, 20, 191.088887, SNPR, 0, 30, 0.000000, ZIP, 1260, 10, 126.093417, 90, 98, 
sess0002, 000480, 96, 114, AA, 4175, 20, 208.764405, GVWY, 3860, 20, 193.038887, SNPR, 0, 30, 0.000000, ZIP, 1260, 10, 126.093417, 96, 114, 
sess0002, 000480, 102, 106, AA, 4175, 20, 208.764405, GVWY, 3860, 20, 193.038887, SNPR, 39, 30, 1.300000, ZIP, 1260, 10, 126.093417, 102, 106, 
sess0002, 000480, 102, 106, AA, 4175, 20, 208.764405, GVWY, 3860, 20, 193.038887, SNPR, 115, 30, 3.833333, ZIP, 1260, 10, 126.093417, 102, 106, 
sess0002, 000481, 102, 106, AA, 4175, 20, 208.764405, GVWY, 3860, 20, 193.038887, SNPR, 189, 30, 6.300000, ZIP, 1260, 10, 126.093417, 102, 106, 
sess0002, 000481, 100, 108, AA, 4175, 20, 208.764405, GVWY, 3860, 20, 193.038887, SNPR, 230, 30, 7.666667, ZIP, 1260, 10, 126.093417, 100, 108, 
sess0002, 000481, 96, 106, AA, 4175, 20, 208.764405, GVWY, 3860, 20, 193.038887, SNPR, 258, 30, 8.600000, ZIP, 1260, 10, 126.093417, 96, 106, 
sess0002, 000482, 96, 103, AA, 4213, 20, 210.664405, GVWY, 3860, 20, 193.038887, SNPR, 292, 30, 9.733333, ZIP, 1260, 10, 126.093417, 96, 103, 
sess0002, 000483, 96, 103, AA, 4213, 20, 210.664405, GVWY, 3860, 20, 193.038887, SNPR, 334, 30, 11.155556, ZIP, 1267, 10, 126.726750, 96, 103, 
sess0002, 000484, 96, 103, AA, 4224, 20, 211.214405, GVWY, 3860, 20, 193.038887, SNPR, 374, 30, 12.488889, ZIP, 1267, 10, 126.726750, 96, 103, 
sess0002, 000485, 93, 97, AA, 4224, 20, 211.214405, GVWY, 3860, 20, 193.038887, SNPR, 410, 30, 13.688889, ZIP, 1267, 10, 126.726750, 93, 97, 
sess0002, 000486, 93, 97, AA, 4250, 20, 212.514405, GVWY, 3860, 20, 193.038887, SNPR, 440, 30, 14.688889, ZIP, 1267, 10, 126.726750, 93, 97, 
sess0002, 000487, 93, 99, AA, 4250, 20, 212.514405, GVWY, 3885, 20, 194.266665, SNPR, 460, 30, 15.337037, ZIP, 1267, 10, 126.726750, 93, 99, 
sess0002, 000488, 91, 97, AA, 4250, 20, 212.514405, GVWY, 3895, 20, 194.766665, SNPR, 460, 30, 15.337037, ZIP, 1267, 10, 126.726750, 91, 97, 
sess0002, 000488, 91, 103, AA, 4250, 20, 212.514405, GVWY, 3919, 20, 195.966665, SNPR, 460, 30, 15.337037, ZIP, 1284, 10, 128.426750, 91, 103, 
sess0002, 000493, 91, 101, AA, 4305, 20, 215.264405, GVWY, 3919, 20, 195.966665, SNPR, 462, 30, 15.403704, ZIP, 1284, 10, 128.426750, 91, 101, 
sess0002, 000495, 80, 95, AA, 4305, 20, 215.264405, GVWY, 3955, 20, 197.766665, SNPR, 462, 30, 15.403704, ZIP, 1284, 10, 128.426750, 80, 95, 
sess0002, 000495, 80, 98, AA, 4305, 20, 215.264405, GVWY, 3968, 20, 198.416665, SNPR, 484, 30, 16.137037, ZIP, 1284, 10, 128.426750, 80, 98, 
sess0002, 000497, 82, 101, AA, 4305, 20, 215.264405, GVWY, 3968, 20, 198.416665, SNPR, 484, 30, 16.137037, ZIP, 1284, 10, 128.426750, 82, 101, 
sess0002, 000498, 87, 101, AA, 4367, 20, 218.364405, GVWY, 3968, 20, 198.416665, SNPR, 484, 30, 16.137037, ZIP, 1284, 10, 128.426750, 87, 101, 
sess0002, 000500, 99, 106, AA, 4367, 20, 218.364405, GVWY, 4004, 20, 200.216665, SNPR, 484, 30, 16.137037, ZIP, 1284, 10, 128.426750, 99, 106, 
sess0002, 000500, 101, 106, AA, 4367, 20, 218.364405, GVWY, 4004, 20, 200.216665, SNPR, 574, 30, 19.137037, ZIP, 1284, 10, 128.426750, 101, 106, 
sess0002, 000501, 101, 108, AA, 4393, 20, 219.664405, GVWY, 4004, 20, 200.216665, SNPR, 574, 30, 19.137037, ZIP, 1284, 10, 128.426750, 101, 108, 
sess0002, 000502, 101, 112, AA, 4393, 20, 219.664405, GVWY, 4012, 20, 200.616665, SNPR, 574, 30, 19.137037, ZIP, 1284, 10, 128.426750, 101, 112, 
sess0002, 000504, 101, 104, AA, 4394, 20, 219.714405, GVWY, 4012, 20, 200.616665, SNPR, 609, 30, 20.303704, ZIP, 1284, 10, 128.426750, 101, 104, 
sess0002, 000505, 101, 104, AA, 4395, 20, 219.781071, GVWY, 4012, 20, 200.616665, SNPR, 614, 30, 20.492593, ZIP, 1284, 10, 128.426750, 101, 104, 
sess0002, 000505, 87, 101, AA, 4431, 20, 221.581071, GVWY, 4012, 20, 200.616665, SNPR, 614, 30, 20.492593, ZIP, 1284, 10, 128.426750, 87, 101, 
sess0002, 000506, 87, 112, AA, 4431, 20, 221.581071, GVWY, 4055, 20, 202.766387, SNPR, 665, 30, 22.192778, ZIP, 1284, 10, 128.426750, 87, 112, 
sess0002, 000508, 111, 114, AA, 4431, 20, 221.581071, GVWY, 4055, 20, 202.766387, SNPR, 667, 30, 22.259444, ZIP, 1285, 10, 128.526750, 111, 114, 
sess0002, 000509, 102, 114, AA, 4431, 20, 221.581071, GVWY, 4055, 20, 202.766387, SNPR, 667, 30, 22.259444, ZIP, 1311, 10, 131.126750, 102, 114, 
sess0002, 000510, 96, 114, AA, 4431, 20, 221.581071, GVWY, 4066, 20, 203.316387, SNPR, 667, 30, 22.259444, ZIP, 1351, 10, 135.126750, 96, 114, 
sess0002, 000511, 96, 114, AA, 4431, 20, 221.581071, GVWY, 4116, 20, 205.816387, SNPR, 689, 30, 22.992778, ZIP, 1351, 10, 135.126750, 96, 114, 
sess0002, 000512, 96, 101, AA, 4465, 20, 223.281071, GVWY, 4116, 20, 205.816387, SNPR, 737, 30, 24.592778, ZIP, 1351, 10, 135.126750, 96, 101, 
sess0002, 000513, 96, 101, AA, 4465, 20, 223.281071, GVWY, 4116, 20, 205.816387, SNPR, 777, 30, 25.926111, ZIP, 1393, 10, 139.326750, 96, 101, 
sess0002, 000514, 96, 114, AA, 4488, 20, 224.446349, GVWY, 4116, 20, 205.816387, SNPR, 810, 30, 27.015926, ZIP, 1393, 10, 139.326750, 96, 114, 
sess0002, 000516, 110, 114, AA, 4529, 20, 226.496418, GVWY, 4116, 20, 205.816387, SNPR, 825, 30, 27.515880, ZIP, 1393, 10, 139.326750, 110, 114, 
sess0002, 000517, 113, 116, AA, 4529, 20, 226.496418, GVWY, 4146, 20, 207.316387, SNPR, 825, 30, 27.515880, ZIP, 1393, 10, 139.326750, 113, 116, 
sess0002, 000518, 114, 119, AA, 4563, 20, 228.196418, GVWY, 4146, 20, 207.316387, SNPR, 825, 30, 27.515880, ZIP, 1393, 10, 139.326750, 114, 119, 
sess0002, 000519, 96, 115, AA, 4563, 20, 228.196418, GVWY, 4146, 20, 207.316387, SNPR, 825, 30, 27.515880, ZIP, 1393, 10, 139.326750, 96, 115, 
sess0002, 000520, 108, 111, AA, 4563, 20, 228.196418, GVWY, 4146, 20, 207.316387, SNPR, 843, 30, 28.115880, ZIP, 1393, 10, 139.326750, 108, 111, 
sess0002, 000520, 96, 111, AA, 4563, 20, 228.196418, GVWY, 4146, 20, 207.316387, SNPR, 878, 30, 29.282546, ZIP, 1393, 10, 139.326750, 96, 111, 
sess0002, 000521, 96, 101, AA, 4604, 20, 230.246418, GVWY, 4146, 20, 207.316387, SNPR, 878, 30, 29.282546, ZIP, 1393, 10, 139.326750, 96, 101, 
sess0002, 000522, 96, 119, AA, 4604, 20, 230.246418, GVWY, 4146, 20, 207.316387, SNPR, 878, 30, 29.282546, ZIP, 1393, 10, 139.326750, 96, 119, 
sess0002, 000524, 82, 111, AA, 4630, 20, 231.546418, GVWY, 4146, 20, 207.316387, SNPR, 878, 30, 29.282546, ZIP, 1393, 10, 139.326750, 82, 111, 
sess0002, 000525, 85, 92, AA, 4630, 20, 231.546418, GVWY, 4146, 20, 207.316387, SNPR, 904, 30, 30.149213, ZIP, 1413, 10, 141.326750, 85, 92, 
sess0002, 000526, 86, 92, AA, 4633, 20, 231.679752, GVWY, 4171, 20, 208.583054, SNPR, 904, 30, 30.149213, ZIP, 1413, 10, 141.326750, 86, 92, 
sess0002, 000526, 82, 88, AA, 4635, 20, 231.755289, GVWY, 4171, 20, 208.583054, SNPR, 933, 30, 31.132188, ZIP, 1413, 10, 141.326750, 82, 88, 
sess0002, 000526, 80, 88, AA, 4635, 20, 231.758581, GVWY, 4199, 20, 209.979761, SNPR, 933, 30, 31.132188, ZIP, 1413, 10, 141.326750, 80, 88, 
sess0002, 000527, 80, 89, AA, 4642, 20, 232.115412, GVWY, 4235, 20, 211.772930, SNPR, 933, 30, 31.132188, ZIP, 1413, 10, 141.326750, 80, 89, 
sess0002, 000527, 80, 92, AA, 4642, 20, 232.115412, GVWY, 4265, 20, 213.272930, SNPR, 933, 30, 31.132188, ZIP, 1422, 10, 142.226750, 80, 92, 
sess0002, 000531, 88, 91, AA, 4682, 20, 234.115412, GVWY, 4265, 20, 213.272930, SNPR, 933, 30, 31.132188, ZIP, 1426, 10, 142.626750, 88, 91, 
sess0002, 000531, 84, 91, AA, 4682, 20, 234.115412, GVWY, 4302, 20, 215.100983, SNPR, 941, 30, 31.380153, ZIP, 1426, 10, 142.626750, 84, 91, 
sess0002, 000532, 84, 119, AA, 4682, 20, 234.115412, GVWY, 4302, 20, 215.100983, SNPR, 989, 30, 32.980153, ZIP, 1426, 10, 142.626750, 84, 119, 
sess0002, 000536, 91, 105, AA, 4682, 20, 234.115412, GVWY, 4302, 20, 215.100983, SNPR, 1037, 30, 34.580153, ZIP, 1426, 10, 142.626750, 91, 105, 
sess0002, 000537, 91, 113, AA, 4683, 20, 234.185645, GVWY, 4334, 20, 216.730749, SNPR, 1037, 30, 34.580153, ZIP, 1426, 10, 142.626750, 91, 113, 
sess0002, 000539, 84, 98, AA, 4683, 20, 234.185645, GVWY, 4342, 20, 217.130749, SNPR, 1037, 30, 34.580153, ZIP, 1426, 10, 142.626750, 84, 98, 
sess0002, 000542, 90, 96, AA, 4683, 20, 234.185645, GVWY, 4342, 20, 217.130749, SNPR, 1086, 30, 36.213487, ZIP, 1426, 10, 142.626750, 90, 96, 
sess0002, 000544, 93, 98, AA, 4683, 20, 234.185645, GVWY, 4342, 20, 217.130749, SNPR, 1116, 30, 37.213487, ZIP, 1426, 10, 142.626750, 93, 98, 
sess0002, 000545, 96, 106, AA, 4688, 20, 234.435645, GVWY, 4342, 20, 217.130749, SNPR, 1116, 30, 37.213487, ZIP, 1426, 10, 142.626750, 96, 106, 
sess0002, 000545, 96, 108, AA, 4688, 20, 234.435645, GVWY, 4380, 20, 219.030749, SNPR, 1116, 30, 37.213487, ZIP, 1426, 10, 142.626750, 96, 108, 
sess0002, 000546, 106, 116, AA, 4688, 20, 234.435645, GVWY, 4380, 20, 219.030749, SNPR, 1155, 30, 38.513487, ZIP, 1426, 10, 142.626750, 106, 116, 
sess0002, 000547, 108, 113, AA, 4688, 20, 234.435645, GVWY, 4380, 20, 219.030749, SNPR, 1155, 30, 38.513487, ZIP, 1452, 10, 145.226750, 108, 113, 
sess0002, 000548, 111, 116, AA, 4707, 20, 235.385645, GVWY, 4380, 20, 219.030749, SNPR, 1155, 30, 38.513487, ZIP, 1454, 10, 145.426750, 111, 116, 
sess0002, 000549, 80, 116, AA, 4740, 20, 237.035645, GVWY, 4380, 20, 219.030749, SNPR, 1155, 30, 38.513487, ZIP, 1485, 10, 148.526750, 80, 116, 
sess0002, 000552, 84, 90, AA, 4742, 20, 237.144905, GVWY, 4380, 20, 219.030749, SNPR, 1204, 30, 40.140647, ZIP, 1485, 10, 148.526750, 84, 90, 
sess0002, 000552, 85, 91, AA, 4768, 20, 238.431513, GVWY, 4413, 20, 220.694141, SNPR, 1204, 30, 40.140647, ZIP, 1485, 10, 148.526750, 85, 91, 
sess0002, 000553, 85, 93, AA, 4809, 20, 240.481513, GVWY, 4413, 20, 220.694141, SNPR, 1204, 30, 40.140647, ZIP, 1485, 10, 148.526750, 85, 93, 
sess0002, 000553, 91, 116, AA, 4809, 20, 240.481513, GVWY, 4413, 20, 220.694141, SNPR, 1204, 30, 40.140647, ZIP, 1485, 10, 148.526750, 91, 116, 
sess0002, 000553, 91, 116, AA, 4809, 20, 240.481513, GVWY, 4413, 20, 220.694141, SNPR, 1204, 30, 40.140647, ZIP, 1513, 10, 151.326750, 91, 116, 
sess0002, 000555, 85, 119, AA, 4809, 20, 240.481513, GVWY, 4421, 20, 221.094141, SNPR, 1204, 30, 40.140647, ZIP, 1513, 10, 151.326750, 85, 119, 
sess0002, 000555, 84, 119, AA, 4811, 20, 240.599620, GVWY, 4452, 20, 222.626034, SNPR, 1204, 30, 40.140647, ZIP, 1513, 10, 151.326750, 84, 119, 
sess0002, 000556, 98, 119, AA, 4839, 20, 241.999620, GVWY, 4452, 20, 222.626034, SNPR, 1204, 30, 40.140647, ZIP, 1513, 10, 151.326750, 98, 119, 
sess0002, 000558, 84, 119, AA, 4839, 20, 241.999620, GVWY, 4452, 20, 222.626034, SNPR, 1212, 30, 40.407314, ZIP, 1513, 10, 151.326750, 84, 119, 
sess0002, 000559, 80, 101, AA, 4840, 20, 242.026781, GVWY, 4484, 20, 224.248873, SNPR, 1212, 30, 40.407314, ZIP, 1513, 10, 151.326750, 80, 101, 
sess0002, 000559, 80, 93, AA, 4861, 20, 243.055769, GVWY, 4498, 20, 224.919885, SNPR, 1212, 30, 40.407314, ZIP, 1513, 10, 151.326750, 80, 93, 
sess0002, 000561, 80, 114, AA, 4862, 20, 243.122436, GVWY, 4498, 20, 224.919885, SNPR, 1233, 30, 41.129536, ZIP, 1513, 10, 151.326750, 80, 114, 
sess0002, 000563, 80, 114, AA, 4862, 20, 243.122436, GVWY, 4516, 20, 225.819885, SNPR, 1233, 30, 41.129536, ZIP, 1513, 10, 151.326750, 80, 114, 
sess0002, 000563, 74, 83, AA, 4862, 20, 243.122436, GVWY, 4516, 20, 225.819885, SNPR, 1263, 30, 42.129536, ZIP, 1513, 10, 151.326750, 74, 83, 
sess0002, 000564, 74, 92, AA, 4862, 20, 243.122436, GVWY, 4516, 20, 225.819885, SNPR, 1340, 30, 44.696203, ZIP, 1513, 10, 151.326750, 74, 92, 
sess0002, 000565, 73, 74, AA, 4862, 20, 243.122436, GVWY, 4516, 20, 225.819885, SNPR, 1341, 30, 44.729536, ZIP, 1514, 10, 151.426750, 73, 74, 
sess0002, 000565, 73, 96, AA, 4871, 20, 243.587405, GVWY, 4540, 20, 227.004916, SNPR, 1341, 30, 44.729536, ZIP, 1514, 10, 151.426750, 73, 96, 
sess0002, 000566, 73, 96, AA, 4894, 20, 244.727405, GVWY, 4540, 20, 227.004916, SNPR, 1363, 30, 45.436203, ZIP, 1514, 10, 151.426750, 73, 96, 
sess0002, 000566, 74, 96, AA, 4894, 20, 244.727405, GVWY, 4590, 20, 229.504916, SNPR, 1375, 30, 45.836203, ZIP, 1514, 10, 151.426750, 74, 96, 
sess0002, 000568, 80, 106, AA, 4894, 20, 244.727405, GVWY, 4613, 20, 230.654916, SNPR, 1375, 30, 45.836203, ZIP, 1514, 10, 151.426750, 80, 106, 
sess0002, 000572, 96, 103, AA, 4974, 20, 248.727405, GVWY, 4613, 20, 230.654916, SNPR, 1375, 30, 45.836203, ZIP, 1514, 10, 151.426750, 96, 103, 
sess0002, 000574, 98, 106, AA, 4974, 20, 248.747158, GVWY, 4646, 20, 232.335163, SNPR, 1375, 30, 45.836203, ZIP, 1514, 10, 151.426750, 98, 106, 
sess0002, 000574, 98, 106, AA, 4978, 20, 248.902713, GVWY, 4646, 20, 232.335163, SNPR, 1414, 30, 47.165832, ZIP, 1514, 10, 151.426750, 98, 106, 
sess0002, 000574, 98, 108, AA, 4978, 20, 248.902713, GVWY, 4684, 20, 234.235163, SNPR, 1414, 30, 47.165832, ZIP, 1514, 10, 151.426750, 98, 108, 
sess0002, 000576, 96, 103, AA, 4978, 20, 248.902713, GVWY, 4731, 20, 236.585163, SNPR, 1414, 30, 47.165832, ZIP, 1521, 10, 152.126750, 96, 103, 
sess0002, 000576, 93, 108, AA, 5012, 20, 250.602713, GVWY, 4731, 20, 236.585163, SNPR, 1414, 30, 47.165832, ZIP, 1521, 10, 152.126750, 93, 108, 
sess0002, 000578, 75, 108, AA, 5040, 20, 252.002713, GVWY, 4731, 20, 236.585163, SNPR, 1414, 30, 47.165832, ZIP, 1521, 10, 152.126750, 75, 108, 
sess0002, 000579, 80, 114, AA, 5040, 20, 252.002713, GVWY, 4734, 20, 236.735163, SNPR, 1414, 30, 47.165832, ZIP, 1521, 10, 152.126750, 80, 114, 
sess0002, 000579, 80, 83, AA, 5105, 20, 255.252713, GVWY, 4734, 20, 236.735163, SNPR, 1414, 30, 47.165832, ZIP, 1521, 10, 152.126750, 80, 83, 
sess0002, 000582, 73, 81, AA, 5105, 20, 255.252713, GVWY, 4734, 20, 236.735163, SNPR, 1437, 30, 47.932499, ZIP, 1521, 10, 152.126750, 73, 81, 
sess0002, 000582, 73, 81, AA, 5105, 20, 255.252713, GVWY, 4734, 20, 236.735163, SNPR, 1460, 30, 48.699166, ZIP, 1523, 10, 152.326750, 73, 81, 
sess0002, 000583, 77, 83, AA, 5106, 20, 255.326787, GVWY, 4734, 20, 236.735163, SNPR, 1505, 30, 50.183116, ZIP, 1523, 10, 152.326750, 77, 83, 
sess0002, 000583, 77, 96, AA, 5106, 20, 255.326787, GVWY, 4770, 20, 238.535163, SNPR, 1505, 30, 50.183116, ZIP, 1523, 10, 152.326750, 77, 96, 
sess0002, 000584, 77, 96, AA, 5116, 20, 255.826787, GVWY, 4770, 20, 238.535163, SNPR, 1510, 30, 50.349783, ZIP, 1523, 10, 152.326750, 77, 96, 
sess0002, 000584, 77, 106, AA, 5116, 20, 255.826787, GVWY, 4770, 20, 238.535163, SNPR, 1561, 30, 52.049783, ZIP, 1523, 10, 152.326750, 77, 106, 
sess0002, 000585, 98, 105, AA, 5165, 20, 258.276787, GVWY, 4770, 20, 238.535163, SNPR, 1561, 30, 52.049783, ZIP, 1523, 10, 152.326750, 98, 105, 
sess0002, 000586, 77, 101, AA, 5165, 20, 258.276787, GVWY, 4813, 20, 240.685163, SNPR, 1561, 30, 52.049783, ZIP, 1567, 10, 156.726750, 77, 101, 
sess0002, 000590, 80, 105, AA, 5171, 20, 258.566047, GVWY, 4813, 20, 240.685163, SNPR, 1593, 30, 53.123610, ZIP, 1567, 10, 156.726750, 80, 105, 
sess0002, 000592, 83, 105, AA, 5171, 20, 258.566047, GVWY, 4813, 20, 240.685163, SNPR, 1593, 30, 53.123610, ZIP, 1567, 10, 156.726750, 83, 105, 
sess0002, 000594, 92, 106, AA, 5171, 20, 258.595676, GVWY, 4831, 20, 241.555533, SNPR, 1593, 30, 53.123610, ZIP, 1567, 10, 156.726750, 92, 106, 
sess0002, 000594, 102, 114, AA, 5171, 20, 258.595676, GVWY, 4833, 20, 241.655533, SNPR, 1593, 30, 53.123610, ZIP, 1567, 10, 156.726750, 102, 114, 
sess0002, 000594, 84, 114, AA, 5197, 20, 259.898991, GVWY, 4833, 20, 241.655533, SNPR, 1593, 30, 53.123610, ZIP, 1585, 10, 158.520121, 84, 114, 
sess0002, 000596, 84, 112, AA, 5197, 20, 259.898991, GVWY, 4841, 20, 242.055533, SNPR, 1593, 30, 53.123610, ZIP, 1585, 10, 158.520121, 84, 112, 
sess0002, 000597, 84, 112, AA, 5197, 20, 259.898991, GVWY, 4841, 20, 242.055533, SNPR, 1631, 30, 54.390277, ZIP, 1601, 10, 160.120121, 84, 112, 
sess0002, 000597, 84, 114, AA, 5197, 20, 259.898991, GVWY, 4845, 20, 242.255533, SNPR, 1631, 30, 54.390277, ZIP, 1602, 10, 160.220121, 84, 114, 
sess0002, 000598, 82, 114, AA, 5198, 20, 259.925361, GVWY, 4845, 20, 242.255533, SNPR, 1641, 30, 54.706030, ZIP, 1602, 10, 160.220121, 82, 114, 
sess0002, 000599, 82, 114, AA, 5198, 20, 259.925361, GVWY, 4845, 20, 242.255533, SNPR, 1641, 30, 54.706030, ZIP, 1602, 10, 160.220121, 82, 114, 
sess0002, 000600, 82, 114, AA, 5198, 20, 259.925361, GVWY, 4845, 20, 242.255533, SNPR, 1641, 30, 54.706030, ZIP, 1602, 10, 160.220121, 82, 114, 
